-0.1605749396,0.2174626568,-0.4263096236,0.3127396273,2.157396861,0.0599919422,-0.104683507,-0.1605749396,0.2174626568,-0.4263096236,0.3127396273,2.157396861,0.0599919422,-0.104683507,-0.1605749396,0.2174626568,-0.4263096236,0.3127396273,2.157396861,0.0599919422,-0.104683507,-0.1605749396,0.2174626568,-0.4263096236,0.3127396273,2.157396861,0.0599919422,-0.104683507,-0.1605749396,0.2174626568,-0.4263096236,0.3127396273,2.157396861,0.0599919422,-0.104683507,-0.1605749396,0.2174626568,-0.4263096236,0.3127396273,2.157396861,0.0599919422,-0.104683507,-0.1605749396,0.2174626568,-0.4263096236,0.3127396273,2.157396861,0.0599919422,-0.104683507,-0.1605749396,0.2174626568,-0.4263096236,0.3127396273,2.157396861,0.0599919422,-0.104683507,-0.1605749396,0.2174626568,-0.4263096236,0.3127396273,2.157396861,0.0599919422,-0.104683507,-0.1605749396
-0.15082459,0.2198715326,-0.4100021053,0.3220038563,2.14191644,0.0597449523,-0.1057861201,-0.15082459,0.2198715326,-0.4100021053,0.3220038563,2.14191644,0.0597449523,-0.1057861201,-0.15082459,0.2198715326,-0.4100021053,0.3220038563,2.14191644,0.0597449523,-0.1057861201,-0.15082459,0.2198715326,-0.4100021053,0.3220038563,2.14191644,0.0597449523,-0.1057861201,-0.15082459,0.2198715326,-0.4100021053,0.3220038563,2.14191644,0.0597449523,-0.1057861201,-0.15082459,0.2198715326,-0.4100021053,0.3220038563,2.14191644,0.0597449523,-0.1057861201,-0.15082459,0.2198715326,-0.4100021053,0.3220038563,2.14191644,0.0597449523,-0.1057861201,-0.15082459,0.2198715326,-0.4100021053,0.3220038563,2.14191644,0.0597449523,-0.1057861201,-0.15082459,0.2198715326,-0.4100021053,0.3220038563,2.14191644,0.0597449523,-0.1057861201,-0.15082459
-0.1410817243,0.2222812045,-0.3936927856,0.3312676147,2.1264354395,0.0594968834,-0.1068898139,-0.1410817243,0.2222812045,-0.3936927856,0.3312676147,2.1264354395,0.0594968834,-0.1068898139,-0.1410817243,0.2222812045,-0.3936927856,0.3312676147,2.1264354395,0.0594968834,-0.1068898139,-0.1410817243,0.2222812045,-0.3936927856,0.3312676147,2.1264354395,0.0594968834,-0.1068898139,-0.1410817243,0.2222812045,-0.3936927856,0.3312676147,2.1264354395,0.0594968834,-0.1068898139,-0.1410817243,0.2222812045,-0.3936927856,0.3312676147,2.1264354395,0.0594968834,-0.1068898139,-0.1410817243,0.2222812045,-0.3936927856,0.3312676147,2.1264354395,0.0594968834,-0.1068898139,-0.1410817243,0.2222812045,-0.3936927856,0.3312676147,2.1264354395,0.0594968834,-0.1068898139,-0.1410817243,0.2222812045,-0.3936927856,0.3312676147,2.1264354395,0.0594968834,-0.1068898139,-0.1410817243
-0.1313481549,0.224691885,-0.3773811981,0.3405309019,2.1109537129,0.0592474607,-0.1079948574,-0.1313481549,0.224691885,-0.3773811981,0.3405309019,2.1109537129,0.0592474607,-0.1079948574,-0.1313481549,0.224691885,-0.3773811981,0.3405309019,2.1109537129,0.0592474607,-0.1079948574,-0.1313481549,0.224691885,-0.3773811981,0.3405309019,2.1109537129,0.0592474607,-0.1079948574,-0.1313481549,0.224691885,-0.3773811981,0.3405309019,2.1109537129,0.0592474607,-0.1079948574,-0.1313481549,0.224691885,-0.3773811981,0.3405309019,2.1109537129,0.0592474607,-0.1079948574,-0.1313481549,0.224691885,-0.3773811981,0.3405309019,2.1109537129,0.0592474607,-0.1079948574,-0.1313481549,0.224691885,-0.3773811981,0.3405309019,2.1109537129,0.0592474607,-0.1079948574,-0.1313481549,0.224691885,-0.3773811981,0.3405309019,2.1109537129,0.0592474607,-0.1079948574,-0.1313481549
-0.1216261347,0.2271038453,-0.3610667524,0.3497937573,2.0954710753,0.0589963384,-0.1091015871,-0.1216261347,0.2271038453,-0.3610667524,0.3497937573,2.0954710753,0.0589963384,-0.1091015871,-0.1216261347,0.2271038453,-0.3610667524,0.3497937573,2.0954710753,0.0589963384,-0.1091015871,-0.1216261347,0.2271038453,-0.3610667524,0.3497937573,2.0954710753,0.0589963384,-0.1091015871,-0.1216261347,0.2271038453,-0.3610667524,0.3497937573,2.0954710753,0.0589963384,-0.1091015871,-0.1216261347,0.2271038453,-0.3610667524,0.3497937573,2.0954710753,0.0589963384,-0.1091015871,-0.1216261347,0.2271038453,-0.3610667524,0.3497937573,2.0954710753,0.0589963384,-0.1091015871,-0.1216261347,0.2271038453,-0.3610667524,0.3497937573,2.0954710753,0.0589963384,-0.1091015871,-0.1216261347,0.2271038453,-0.3610667524,0.3497937573,2.0954710753,0.0589963384,-0.1091015871,-0.1216261347
-0.1119184622,0.2295174318,-0.3447487009,0.3590562833,2.0799872943,0.0587430804,-0.1102104245,-0.1119184622,0.2295174318,-0.3447487009,0.3590562833,2.0799872943,0.0587430804,-0.1102104245,-0.1119184622,0.2295174318,-0.3447487009,0.3590562833,2.0799872943,0.0587430804,-0.1102104245,-0.1119184622,0.2295174318,-0.3447487009,0.3590562833,2.0799872943,0.0587430804,-0.1102104245,-0.1119184622,0.2295174318,-0.3447487009,0.3590562833,2.0799872943,0.0587430804,-0.1102104245,-0.1119184622,0.2295174318,-0.3447487009,0.3590562833,2.0799872943,0.0587430804,-0.1102104245,-0.1119184622,0.2295174318,-0.3447487009,0.3590562833,2.0799872943,0.0587430804,-0.1102104245,-0.1119184622,0.2295174318,-0.3447487009,0.3590562833,2.0799872943,0.0587430804,-0.1102104245,-0.1119184622,0.2295174318,-0.3447487009,0.3590562833,2.0799872943,0.0587430804,-0.1102104245,-0.1119184622
-0.1022286101,0.2319330872,-0.3284260961,0.3683186814,2.0645020768,0.058487137,-0.1113218975,-0.1022286101,0.2319330872,-0.3284260961,0.3683186814,2.0645020768,0.058487137,-0.1113218975,-0.1022286101,0.2319330872,-0.3284260961,0.3683186814,2.0645020768,0.058487137,-0.1113218975,-0.1022286101,0.2319330872,-0.3284260961,0.3683186814,2.0645020768,0.058487137,-0.1113218975,-0.1022286101,0.2319330872,-0.3284260961,0.3683186814,2.0645020768,0.058487137,-0.1113218975,-0.1022286101,0.2319330872,-0.3284260961,0.3683186814,2.0645020768,0.058487137,-0.1113218975,-0.1022286101,0.2319330872,-0.3284260961,0.3683186814,2.0645020768,0.058487137,-0.1113218975,-0.1022286101,0.2319330872,-0.3284260961,0.3683186814,2.0645020768,0.058487137,-0.1113218975,-0.1022286101,0.2319330872,-0.3284260961,0.3683186814,2.0645020768,0.058487137,-0.1113218975,-0.1022286101
-0.0925608825,0.2343513782,-0.3120977365,0.3775813041,2.0490150543,0.0582278149,-0.1124366664,-0.0925608825,0.2343513782,-0.3120977365,0.3775813041,2.0490150543,0.0582278149,-0.1124366664,-0.0925608825,0.2343513782,-0.3120977365,0.3775813041,2.0490150543,0.0582278149,-0.1124366664,-0.0925608825,0.2343513782,-0.3120977365,0.3775813041,2.0490150543,0.0582278149,-0.1124366664,-0.0925608825,0.2343513782,-0.3120977365,0.3775813041,2.0490150543,0.0582278149,-0.1124366664,-0.0925608825,0.2343513782,-0.3120977365,0.3775813041,2.0490150543,0.0582278149,-0.1124366664,-0.0925608825,0.2343513782,-0.3120977365,0.3775813041,2.0490150543,0.0582278149,-0.1124366664,-0.0925608825,0.2343513782,-0.3120977365,0.3775813041,2.0490150543,0.0582278149,-0.1124366664,-0.0925608825,0.2343513782,-0.3120977365,0.3775813041,2.0490150543,0.0582278149,-0.1124366664,-0.0925608825
-0.0829206043,0.2367730307,-0.2957620978,0.3868447293,2.0335257621,0.0579642398,-0.1135555572,-0.0829206043,0.2367730307,-0.2957620978,0.3868447293,2.0335257621,0.0579642398,-0.1135555572,-0.0829206043,0.2367730307,-0.2957620978,0.3868447293,2.0335257621,0.0579642398,-0.1135555572,-0.0829206043,0.2367730307,-0.2957620978,0.3868447293,2.0335257621,0.0579642398,-0.1135555572,-0.0829206043,0.2367730307,-0.2957620978,0.3868447293,2.0335257621,0.0579642398,-0.1135555572,-0.0829206043,0.2367730307,-0.2957620978,0.3868447293,2.0335257621,0.0579642398,-0.1135555572,-0.0829206043,0.2367730307,-0.2957620978,0.3868447293,2.0335257621,0.0579642398,-0.1135555572,-0.0829206043,0.2367730307,-0.2957620978,0.3868447293,2.0335257621,0.0579642398,-0.1135555572,-0.0829206043,0.2367730307,-0.2957620978,0.3868447293,2.0335257621,0.0579642398,-0.1135555572,-0.0829206043
-0.0733143491,0.2391989754,-0.2794172456,0.3961098688,2.0180336159,0.0576953092,-0.114679602,-0.0733143491,0.2391989754,-0.2794172456,0.3961098688,2.0180336159,0.0576953092,-0.114679602,-0.0733143491,0.2391989754,-0.2794172456,0.3961098688,2.0180336159,0.0576953092,-0.114679602,-0.0733143491,0.2391989754,-0.2794172456,0.3961098688,2.0180336159,0.0576953092,-0.114679602,-0.0733143491,0.2391989754,-0.2794172456,0.3961098688,2.0180336159,0.0576953092,-0.114679602,-0.0733143491,0.2391989754,-0.2794172456,0.3961098688,2.0180336159,0.0576953092,-0.114679602,-0.0733143491,0.2391989754,-0.2794172456,0.3961098688,2.0180336159,0.0576953092,-0.114679602,-0.0733143491,0.2391989754,-0.2794172456,0.3961098688,2.0180336159,0.0576953092,-0.114679602,-0.0733143491,0.2391989754,-0.2794172456,0.3961098688,2.0180336159,0.0576953092,-0.114679602,-0.0733143491
-0.063750209,0.2416304067,-0.2630607246,0.4053781232,2.0025378798,0.0574196336,-0.1158100885,-0.063750209,0.2416304067,-0.2630607246,0.4053781232,2.0025378798,0.0574196336,-0.1158100885,-0.063750209,0.2416304067,-0.2630607246,0.4053781232,2.0025378798,0.0574196336,-0.1158100885,-0.063750209,0.2416304067,-0.2630607246,0.4053781232,2.0025378798,0.0574196336,-0.1158100885,-0.063750209,0.2416304067,-0.2630607246,0.4053781232,2.0025378798,0.0574196336,-0.1158100885,-0.063750209,0.2416304067,-0.2630607246,0.4053781232,2.0025378798,0.0574196336,-0.1158100885,-0.063750209,0.2416304067,-0.2630607246,0.4053781232,2.0025378798,0.0574196336,-0.1158100885,-0.063750209,0.2416304067,-0.2630607246,0.4053781232,2.0025378798,0.0574196336,-0.1158100885,-0.063750209,0.2416304067,-0.2630607246,0.4053781232,2.0025378798,0.0574196336,-0.1158100885,-0.063750209
-0.0542381095,0.2440688581,-0.2466894193,0.4146516024,1.9870376295,0.057135463,-0.1169486207,-0.0542381095,0.2440688581,-0.2466894193,0.4146516024,1.9870376295,0.057135463,-0.1169486207,-0.0542381095,0.2440688581,-0.2466894193,0.4146516024,1.9870376295,0.057135463,-0.1169486207,-0.0542381095,0.2440688581,-0.2466894193,0.4146516024,1.9870376295,0.057135463,-0.1169486207,-0.0542381095,0.2440688581,-0.2466894193,0.4146516024,1.9870376295,0.057135463,-0.1169486207,-0.0542381095,0.2440688581,-0.2466894193,0.4146516024,1.9870376295,0.057135463,-0.1169486207,-0.0542381095,0.2440688581,-0.2466894193,0.4146516024,1.9870376295,0.057135463,-0.1169486207,-0.0542381095,0.2440688581,-0.2466894193,0.4146516024,1.9870376295,0.057135463,-0.1169486207,-0.0542381095,0.2440688581,-0.2466894193,0.4146516024,1.9870376295,0.057135463,-0.1169486207,-0.0542381095
-0.0447901685,0.2465162991,-0.2302993778,0.4239334395,1.9715317042,0.0568405954,-0.1180971917,-0.0447901685,0.2465162991,-0.2302993778,0.4239334395,1.9715317042,0.0568405954,-0.1180971917,-0.0447901685,0.2465162991,-0.2302993778,0.4239334395,1.9715317042,0.0568405954,-0.1180971917,-0.0447901685,0.2465162991,-0.2302993778,0.4239334395,1.9715317042,0.0568405954,-0.1180971917,-0.0447901685,0.2465162991,-0.2302993778,0.4239334395,1.9715317042,0.0568405954,-0.1180971917,-0.0447901685,0.2465162991,-0.2302993778,0.4239334395,1.9715317042,0.0568405954,-0.1180971917,-0.0447901685,0.2465162991,-0.2302993778,0.4239334395,1.9715317042,0.0568405954,-0.1180971917,-0.0447901685,0.2465162991,-0.2302993778,0.4239334395,1.9715317042,0.0568405954,-0.1180971917,-0.0447901685,0.2465162991,-0.2302993778,0.4239334395,1.9715317042,0.0568405954,-0.1180971917,-0.0447901685
-0.0354210942,0.2489752596,-0.2138855913,0.4332282349,1.9560186494,0.0565322657,-0.1192582705,-0.0354210942,0.2489752596,-0.2138855913,0.4332282349,1.9560186494,0.0565322657,-0.1192582705,-0.0354210942,0.2489752596,-0.2138855913,0.4332282349,1.9560186494,0.0565322657,-0.1192582705,-0.0354210942,0.2489752596,-0.2138855913,0.4332282349,1.9560186494,0.0565322657,-0.1192582705,-0.0354210942,0.2489752596,-0.2138855913,0.4332282349,1.9560186494,0.0565322657,-0.1192582705,-0.0354210942,0.2489752596,-0.2138855913,0.4332282349,1.9560186494,0.0565322657,-0.1192582705,-0.0354210942,0.2489752596,-0.2138855913,0.4332282349,1.9560186494,0.0565322657,-0.1192582705,-0.0354210942,0.2489752596,-0.2138855913,0.4332282349,1.9560186494,0.0565322657,-0.1192582705,-0.0354210942,0.2489752596,-0.2138855913,0.4332282349,1.9560186494,0.0565322657,-0.1192582705,-0.0354210942
-0.0261486033,0.2514489883,-0.1974417206,0.4425426821,1.9404966476,0.0562070085,-0.1204349028,-0.0261486033,0.2514489883,-0.1974417206,0.4425426821,1.9404966476,0.0562070085,-0.1204349028,-0.0261486033,0.2514489883,-0.1974417206,0.4425426821,1.9404966476,0.0562070085,-0.1204349028,-0.0261486033,0.2514489883,-0.1974417206,0.4425426821,1.9404966476,0.0562070085,-0.1204349028,-0.0261486033,0.2514489883,-0.1974417206,0.4425426821,1.9404966476,0.0562070085,-0.1204349028,-0.0261486033,0.2514489883,-0.1974417206,0.4425426821,1.9404966476,0.0562070085,-0.1204349028,-0.0261486033,0.2514489883,-0.1974417206,0.4425426821,1.9404966476,0.0562070085,-0.1204349028,-0.0261486033,0.2514489883,-0.1974417206,0.4425426821,1.9404966476,0.0562070085,-0.1204349028,-0.0261486033,0.2514489883,-0.1974417206,0.4425426821,1.9404966476,0.0562070085,-0.1204349028,-0.0261486033
-0.0169938261,0.2539416535,-0.1809597582,0.4518864452,1.9249634346,0.0558604947,-0.1216308262,-0.0169938261,0.2539416535,-0.1809597582,0.4518864452,1.9249634346,0.0558604947,-0.1216308262,-0.0169938261,0.2539416535,-0.1809597582,0.4518864452,1.9249634346,0.0558604947,-0.1216308262,-0.0169938261,0.2539416535,-0.1809597582,0.4518864452,1.9249634346,0.0558604947,-0.1216308262,-0.0169938261,0.2539416535,-0.1809597582,0.4518864452,1.9249634346,0.0558604947,-0.1216308262,-0.0169938261,0.2539416535,-0.1809597582,0.4518864452,1.9249634346,0.0558604947,-0.1216308262,-0.0169938261,0.2539416535,-0.1809597582,0.4518864452,1.9249634346,0.0558604947,-0.1216308262,-0.0169938261,0.2539416535,-0.1809597582,0.4518864452,1.9249634346,0.0558604947,-0.1216308262,-0.0169938261,0.2539416535,-0.1809597582,0.4518864452,1.9249634346,0.0558604947,-0.1216308262,-0.0169938261
-0.0079816348,0.2564585956,-0.1644296182,0.4612733845,1.9094162033,0.0554873385,-0.1228505953,-0.0079816348,0.2564585956,-0.1644296182,0.4612733845,1.9094162033,0.0554873385,-0.1228505953,-0.0079816348,0.2564585956,-0.1644296182,0.4612733845,1.9094162033,0.0554873385,-0.1228505953,-0.0079816348,0.2564585956,-0.1644296182,0.4612733845,1.9094162033,0.0554873385,-0.1228505953,-0.0079816348,0.2564585956,-0.1644296182,0.4612733845,1.9094162033,0.0554873385,-0.1228505953,-0.0079816348,0.2564585956,-0.1644296182,0.4612733845,1.9094162033,0.0554873385,-0.1228505953,-0.0079816348,0.2564585956,-0.1644296182,0.4612733845,1.9094162033,0.0554873385,-0.1228505953,-0.0079816348,0.2564585956,-0.1644296182,0.4612733845,1.9094162033,0.0554873385,-0.1228505953,-0.0079816348,0.2564585956,-0.1644296182,0.4612733845,1.9094162033,0.0554873385,-0.1228505953,-0.0079816348
0.0008592114,0.2590066413,-0.1478386469,0.4707232554,1.8938514948,0.0550808778,-0.1240997089,0.0008592114,0.2590066413,-0.1478386469,0.4707232554,1.8938514948,0.0550808778,-0.1240997089,0.0008592114,0.2590066413,-0.1478386469,0.4707232554,1.8938514948,0.0550808778,-0.1240997089,0.0008592114,0.2590066413,-0.1478386469,0.4707232554,1.8938514948,0.0550808778,-0.1240997089,0.0008592114,0.2590066413,-0.1478386469,0.4707232554,1.8938514948,0.0550808778,-0.1240997089,0.0008592114,0.2590066413,-0.1478386469,0.4707232554,1.8938514948,0.0550808778,-0.1240997089,0.0008592114,0.2590066413,-0.1478386469,0.4707232554,1.8938514948,0.0550808778,-0.1240997089,0.0008592114,0.2590066413,-0.1478386469,0.4707232554,1.8938514948,0.0550808778,-0.1240997089,0.0008592114,0.2590066413,-0.1478386469,0.4707232554,1.8938514948,0.0550808778,-0.1240997089,0.0008592114
0.0094962788,0.2615944863,-0.131171057,0.4802640449,1.8782650815,0.0546329334,-0.1253847249,0.0094962788,0.2615944863,-0.131171057,0.4802640449,1.8782650815,0.0546329334,-0.1253847249,0.0094962788,0.2615944863,-0.131171057,0.4802640449,1.8782650815,0.0546329334,-0.1253847249,0.0094962788,0.2615944863,-0.131171057,0.4802640449,1.8782650815,0.0546329334,-0.1253847249,0.0094962788,0.2615944863,-0.131171057,0.4802640449,1.8782650815,0.0546329334,-0.1253847249,0.0094962788,0.2615944863,-0.131171057,0.4802640449,1.8782650815,0.0546329334,-0.1253847249,0.0094962788,0.2615944863,-0.131171057,0.4802640449,1.8782650815,0.0546329334,-0.1253847249,0.0094962788,0.2615944863,-0.131171057,0.4802640449,1.8782650815,0.0546329334,-0.1253847249,0.0094962788,0.2615944863,-0.131171057,0.4802640449,1.8782650815,0.0546329334,-0.1253847249,0.0094962788
0.0178943057,0.2642331513,-0.1144073002,0.4899351495,1.862651854,0.0541335667,-0.1267133325,0.0178943057,0.2642331513,-0.1144073002,0.4899351495,1.862651854,0.0541335667,-0.1267133325,0.0178943057,0.2642331513,-0.1144073002,0.4899351495,1.862651854,0.0541335667,-0.1267133325,0.0178943057,0.2642331513,-0.1144073002,0.4899351495,1.862651854,0.0541335667,-0.1267133325,0.0178943057,0.2642331513,-0.1144073002,0.4899351495,1.862651854,0.0541335667,-0.1267133325,0.0178943057,0.2642331513,-0.1144073002,0.4899351495,1.862651854,0.0541335667,-0.1267133325,0.0178943057,0.2642331513,-0.1144073002,0.4899351495,1.862651854,0.0541335667,-0.1267133325,0.0178943057,0.2642331513,-0.1144073002,0.4899351495,1.862651854,0.0541335667,-0.1267133325,0.0178943057,0.2642331513,-0.1144073002,0.4899351495,1.862651854,0.0541335667,-0.1267133325,0.0178943057
0.0260170988,0.2669365026,-0.0975234229,0.4997916335,1.8470057309,0.0535708705,-0.1280943368,0.0260170988,0.2669365026,-0.0975234229,0.4997916335,1.8470057309,0.0535708705,-0.1280943368,0.0260170988,0.2669365026,-0.0975234229,0.4997916335,1.8470057309,0.0535708705,-0.1280943368,0.0260170988,0.2669365026,-0.0975234229,0.4997916335,1.8470057309,0.0535708705,-0.1280943368,0.0260170988,0.2669365026,-0.0975234229,0.4997916335,1.8470057309,0.0535708705,-0.1280943368,0.0260170988,0.2669365026,-0.0975234229,0.4997916335,1.8470057309,0.0535708705,-0.1280943368,0.0260170988,0.2669365026,-0.0975234229,0.4997916335,1.8470057309,0.0535708705,-0.1280943368,0.0260170988,0.2669365026,-0.0975234229,0.4997916335,1.8470057309,0.0535708705,-0.1280943368,0.0260170988,0.2669365026,-0.0975234229,0.4997916335,1.8470057309,0.0535708705,-0.1280943368,0.0260170988
0.0338310953,0.26972181,-0.0804904975,0.5099098155,1.8313196269,0.052930857,-0.1295374789,0.0338310953,0.26972181,-0.0804904975,0.5099098155,1.8313196269,0.052930857,-0.1295374789,0.0338310953,0.26972181,-0.0804904975,0.5099098155,1.8313196269,0.052930857,-0.1295374789,0.0338310953,0.26972181,-0.0804904975,0.5099098155,1.8313196269,0.052930857,-0.1295374789,0.0338310953,0.26972181,-0.0804904975,0.5099098155,1.8313196269,0.052930857,-0.1295374789,0.0338310953,0.26972181,-0.0804904975,0.5099098155,1.8313196269,0.052930857,-0.1295374789,0.0338310953,0.26972181,-0.0804904975,0.5099098155,1.8313196269,0.052930857,-0.1295374789,0.0338310953,0.26972181,-0.0804904975,0.5099098155,1.8313196269,0.052930857,-0.1295374789,0.0338310953,0.26972181,-0.0804904975,0.5099098155,1.8313196269,0.052930857,-0.1295374789,0.0338310953
0.0413114476,0.272610273,-0.0632742964,0.5203943805,1.8155855379,0.0521975507,-0.1310529771,0.0413114476,0.272610273,-0.0632742964,0.5203943805,1.8155855379,0.0521975507,-0.1310529771,0.0413114476,0.272610273,-0.0632742964,0.5203943805,1.8155855379,0.0521975507,-0.1310529771,0.0413114476,0.272610273,-0.0632742964,0.5203943805,1.8155855379,0.0521975507,-0.1310529771,0.0413114476,0.272610273,-0.0632742964,0.5203943805,1.8155855379,0.0521975507,-0.1310529771,0.0413114476,0.272610273,-0.0632742964,0.5203943805,1.8155855379,0.0521975507,-0.1310529771,0.0413114476,0.272610273,-0.0632742964,0.5203943805,1.8155855379,0.0521975507,-0.1310529771,0.0413114476,0.272610273,-0.0632742964,0.5203943805,1.8155855379,0.0521975507,-0.1310529771,0.0413114476,0.272610273,-0.0632742964,0.5203943805,1.8155855379,0.0521975507,-0.1310529771,0.0413114476
0.0484517575,0.2756273881,-0.0458354957,0.5313870303,1.799794832,0.0513534545,-0.132650622,0.0484517575,0.2756273881,-0.0458354957,0.5313870303,1.799794832,0.0513534545,-0.132650622,0.0484517575,0.2756273881,-0.0458354957,0.5313870303,1.799794832,0.0513534545,-0.132650622,0.0484517575,0.2756273881,-0.0458354957,0.5313870303,1.799794832,0.0513534545,-0.132650622,0.0484517575,0.2756273881,-0.0458354957,0.5313870303,1.799794832,0.0513534545,-0.132650622,0.0484517575,0.2756273881,-0.0458354957,0.5313870303,1.799794832,0.0513534545,-0.132650622,0.0484517575,0.2756273881,-0.0458354957,0.5313870303,1.799794832,0.0513534545,-0.132650622,0.0484517575,0.2756273881,-0.0458354957,0.5313870303,1.799794832,0.0513534545,-0.132650622,0.0484517575,0.2756273881,-0.0458354957,0.5313870303,1.799794832,0.0513534545,-0.132650622,0.0484517575
0.0552787832,0.2788029282,-0.0281308554,0.5430762699,1.7839388779,0.0503806374,-0.1343382056,0.0552787832,0.2788029282,-0.0281308554,0.5430762699,1.7839388779,0.0503806374,-0.1343382056,0.0552787832,0.2788029282,-0.0281308554,0.5430762699,1.7839388779,0.0503806374,-0.1343382056,0.0552787832,0.2788029282,-0.0281308554,0.5430762699,1.7839388779,0.0503806374,-0.1343382056,0.0552787832,0.2788029282,-0.0281308554,0.5430762699,1.7839388779,0.0503806374,-0.1343382056,0.0552787832,0.2788029282,-0.0281308554,0.5430762699,1.7839388779,0.0503806374,-0.1343382056,0.0552787832,0.2788029282,-0.0281308554,0.5430762699,1.7839388779,0.0503806374,-0.1343382056,0.0552787832,0.2788029282,-0.0281308554,0.5430762699,1.7839388779,0.0503806374,-0.1343382056,0.0552787832,0.2788029282,-0.0281308554,0.5430762699,1.7839388779,0.0503806374,-0.1343382056,0.0552787832
0.0618733799,0.2821701753,-0.0101160198,0.5557071202,1.768010179,0.0492627761,-0.1361190191,0.0618733799,0.2821701753,-0.0101160198,0.5557071202,1.768010179,0.0492627761,-0.1361190191,0.0618733799,0.2821701753,-0.0101160198,0.5557071202,1.768010179,0.0492627761,-0.1361190191,0.0618733799,0.2821701753,-0.0101160198,0.5557071202,1.768010179,0.0492627761,-0.1361190191,0.0618733799,0.2821701753,-0.0101160198,0.5557071202,1.768010179,0.0492627761,-0.1361190191,0.0618733799,0.2821701753,-0.0101160198,0.5557071202,1.768010179,0.0492627761,-0.1361190191,0.0618733799,0.2821701753,-0.0101160198,0.5557071202,1.768010179,0.0492627761,-0.1361190191,0.0618733799,0.2821701753,-0.0101160198,0.5557071202,1.768010179,0.0492627761,-0.1361190191,0.0618733799,0.2821701753,-0.0101160198,0.5557071202,1.768010179,0.0492627761,-0.1361190191,0.0618733799
0.0683982318,0.2857638941,0.0082492385,0.5695882069,1.7520042046,0.047988532,-0.1379881804,0.0683982318,0.2857638941,0.0082492385,0.5695882069,1.7520042046,0.047988532,-0.1379881804,0.0683982318,0.2857638941,0.0082492385,0.5695882069,1.7520042046,0.047988532,-0.1379881804,0.0683982318,0.2857638941,0.0082492385,0.5695882069,1.7520042046,0.047988532,-0.1379881804,0.0683982318,0.2857638941,0.0082492385,0.5695882069,1.7520042046,0.047988532,-0.1379881804,0.0683982318,0.2857638941,0.0082492385,0.5695882069,1.7520042046,0.047988532,-0.1379881804,0.0683982318,0.2857638941,0.0082492385,0.5695882069,1.7520042046,0.047988532,-0.1379881804,0.0683982318,0.2857638941,0.0082492385,0.5695882069,1.7520042046,0.047988532,-0.1379881804,0.0683982318,0.2857638941,0.0082492385,0.5695882069,1.7520042046,0.047988532,-0.1379881804,0.0683982318
0.0751310401,0.2896164199,0.0269924916,0.5850917578,1.7359220645,0.0465565848,-0.1399277065,0.0751310401,0.2896164199,0.0269924916,0.5850917578,1.7359220645,0.0465565848,-0.1399277065,0.0751310401,0.2896164199,0.0269924916,0.5850917578,1.7359220645,0.0465565848,-0.1399277065,0.0751310401,0.2896164199,0.0269924916,0.5850917578,1.7359220645,0.0465565848,-0.1399277065,0.0751310401,0.2896164199,0.0269924916,0.5850917578,1.7359220645,0.0465565848,-0.1399277065,0.0751310401,0.2896164199,0.0269924916,0.5850917578,1.7359220645,0.0465565848,-0.1399277065,0.0751310401,0.2896164199,0.0269924916,0.5850917578,1.7359220645,0.0465565848,-0.1399277065,0.0751310401,0.2896164199,0.0269924916,0.5850917578,1.7359220645,0.0465565848,-0.1399277065,0.0751310401,0.2896164199,0.0269924916,0.5850917578,1.7359220645,0.0465565848,-0.1399277065,0.0751310401
0.0824981328,0.2937512981,0.0461163858,0.602639906,1.7197739947,0.0449823282,-0.1419006683,0.0824981328,0.2937512981,0.0461163858,0.602639906,1.7197739947,0.0449823282,-0.1419006683,0.0824981328,0.2937512981,0.0461163858,0.602639906,1.7197739947,0.0449823282,-0.1419006683,0.0824981328,0.2937512981,0.0461163858,0.602639906,1.7197739947,0.0449823282,-0.1419006683,0.0824981328,0.2937512981,0.0461163858,0.602639906,1.7197739947,0.0449823282,-0.1419006683,0.0824981328,0.2937512981,0.0461163858,0.602639906,1.7197739947,0.0449823282,-0.1419006683,0.0824981328,0.2937512981,0.0461163858,0.602639906,1.7197739947,0.0449823282,-0.1419006683,0.0824981328,0.2937512981,0.0461163858,0.602639906,1.7197739947,0.0449823282,-0.1419006683,0.0824981328,0.2937512981,0.0461163858,0.602639906,1.7197739947,0.0449823282,-0.1419006683,0.0824981328
0.0910978191,0.2981743636,0.0655833007,0.6226694991,1.7035832374,0.0433055237,-0.1438455215,0.0910978191,0.2981743636,0.0655833007,0.6226694991,1.7035832374,0.0433055237,-0.1438455215,0.0910978191,0.2981743636,0.0655833007,0.6226694991,1.7035832374,0.0433055237,-0.1438455215,0.0910978191,0.2981743636,0.0655833007,0.6226694991,1.7035832374,0.0433055237,-0.1438455215,0.0910978191,0.2981743636,0.0655833007,0.6226694991,1.7035832374,0.0433055237,-0.1438455215,0.0910978191,0.2981743636,0.0655833007,0.6226694991,1.7035832374,0.0433055237,-0.1438455215,0.0910978191,0.2981743636,0.0655833007,0.6226694991,1.7035832374,0.0433055237,-0.1438455215,0.0910978191,0.2981743636,0.0655833007,0.6226694991,1.7035832374,0.0433055237,-0.1438455215,0.0910978191,0.2981743636,0.0655833007,0.6226694991,1.7035832374,0.0433055237,-0.1438455215,0.0910978191
0.101696643,0.3028632222,0.0852997266,0.645569597,1.6873892851,0.0415970361,-0.14567275,0.101696643,0.3028632222,0.0852997266,0.645569597,1.6873892851,0.0415970361,-0.14567275,0.101696643,0.3028632222,0.0852997266,0.645569597,1.6873892851,0.0415970361,-0.14567275,0.101696643,0.3028632222,0.0852997266,0.645569597,1.6873892851,0.0415970361,-0.14567275,0.101696643,0.3028632222,0.0852997266,0.645569597,1.6873892851,0.0415970361,-0.14567275,0.101696643,0.3028632222,0.0852997266,0.645569597,1.6873892851,0.0415970361,-0.14567275,0.101696643,0.3028632222,0.0852997266,0.645569597,1.6873892851,0.0415970361,-0.14567275,0.101696643,0.3028632222,0.0852997266,0.645569597,1.6873892851,0.0415970361,-0.14567275,0.101696643,0.3028632222,0.0852997266,0.645569597,1.6873892851,0.0415970361,-0.14567275,0.101696643
0.1151790994,0.3077577805,0.1051059021,0.6715937274,1.6712488035,0.0399614664,-0.1472668346,0.1151790994,0.3077577805,0.1051059021,0.6715937274,1.6712488035,0.0399614664,-0.1472668346,0.1151790994,0.3077577805,0.1051059021,0.6715937274,1.6712488035,0.0399614664,-0.1472668346,0.1151790994,0.3077577805,0.1051059021,0.6715937274,1.6712488035,0.0399614664,-0.1472668346,0.1151790994,0.3077577805,0.1051059021,0.6715937274,1.6712488035,0.0399614664,-0.1472668346,0.1151790994,0.3077577805,0.1051059021,0.6715937274,1.6712488035,0.0399614664,-0.1472668346,0.1151790994,0.3077577805,0.1051059021,0.6715937274,1.6712488035,0.0399614664,-0.1472668346,0.1151790994,0.3077577805,0.1051059021,0.6715937274,1.6712488035,0.0399614664,-0.1472668346,0.1151790994,0.3077577805,0.1051059021,0.6715937274,1.6712488035,0.0399614664,-0.1472668346,0.1151790994
0.1324388767,0.3127561365,0.1247781929,0.7007635154,1.6552323228,0.0385319341,-0.148496354,0.1324388767,0.3127561365,0.1247781929,0.7007635154,1.6552323228,0.0385319341,-0.148496354,0.1324388767,0.3127561365,0.1247781929,0.7007635154,1.6552323228,0.0385319341,-0.148496354,0.1324388767,0.3127561365,0.1247781929,0.7007635154,1.6552323228,0.0385319341,-0.148496354,0.1324388767,0.3127561365,0.1247781929,0.7007635154,1.6552323228,0.0385319341,-0.148496354,0.1324388767,0.3127561365,0.1247781929,0.7007635154,1.6552323228,0.0385319341,-0.148496354,0.1324388767,0.3127561365,0.1247781929,0.7007635154,1.6552323228,0.0385319341,-0.148496354,0.1324388767,0.3127561365,0.1247781929,0.7007635154,1.6552323228,0.0385319341,-0.148496354,0.1324388767,0.3127561365,0.1247781929,0.7007635154,1.6552323228,0.0385319341,-0.148496354,0.1324388767
0.1542217013,0.3177203754,0.1440503141,0.7327964353,1.6394156495,0.0374547136,-0.1492327703,0.1542217013,0.3177203754,0.1440503141,0.7327964353,1.6394156495,0.0374547136,-0.1492327703,0.1542217013,0.3177203754,0.1440503141,0.7327964353,1.6394156495,0.0374547136,-0.1492327703,0.1542217013,0.3177203754,0.1440503141,0.7327964353,1.6394156495,0.0374547136,-0.1492327703,0.1542217013,0.3177203754,0.1440503141,0.7327964353,1.6394156495,0.0374547136,-0.1492327703,0.1542217013,0.3177203754,0.1440503141,0.7327964353,1.6394156495,0.0374547136,-0.1492327703,0.1542217013,0.3177203754,0.1440503141,0.7327964353,1.6394156495,0.0374547136,-0.1492327703,0.1542217013,0.3177203754,0.1440503141,0.7327964353,1.6394156495,0.0374547136,-0.1492327703,0.1542217013,0.3177203754,0.1440503141,0.7327964353,1.6394156495,0.0374547136,-0.1492327703,0.1542217013
0.1809606964,0.3224941704,0.1626530552,0.7670960197,1.6238671194,0.0368654513,-0.1493742215,0.1809606964,0.3224941704,0.1626530552,0.7670960197,1.6238671194,0.0368654513,-0.1493742215,0.1809606964,0.3224941704,0.1626530552,0.7670960197,1.6238671194,0.0368654513,-0.1493742215,0.1809606964,0.3224941704,0.1626530552,0.7670960197,1.6238671194,0.0368654513,-0.1493742215,0.1809606964,0.3224941704,0.1626530552,0.7670960197,1.6238671194,0.0368654513,-0.1493742215,0.1809606964,0.3224941704,0.1626530552,0.7670960197,1.6238671194,0.0368654513,-0.1493742215,0.1809606964,0.3224941704,0.1626530552,0.7670960197,1.6238671194,0.0368654513,-0.1493742215,0.1809606964,0.3224941704,0.1626530552,0.7670960197,1.6238671194,0.0368654513,-0.1493742215,0.1809606964,0.3224941704,0.1626530552,0.7670960197,1.6238671194,0.0368654513,-0.1493742215,0.1809606964
0.2126653781,0.3269287727,0.1803625228,0.802826099,1.6086343993,0.0368637109,-0.1488666023,0.2126653781,0.3269287727,0.1803625228,0.802826099,1.6086343993,0.0368637109,-0.1488666023,0.2126653781,0.3269287727,0.1803625228,0.802826099,1.6086343993,0.0368637109,-0.1488666023,0.2126653781,0.3269287727,0.1803625228,0.802826099,1.6086343993,0.0368637109,-0.1488666023,0.2126653781,0.3269287727,0.1803625228,0.802826099,1.6086343993,0.0368637109,-0.1488666023,0.2126653781,0.3269287727,0.1803625228,0.802826099,1.6086343993,0.0368637109,-0.1488666023,0.2126653781,0.3269287727,0.1803625228,0.802826099,1.6086343993,0.0368637109,-0.1488666023,0.2126653781,0.3269287727,0.1803625228,0.802826099,1.6086343993,0.0368637109,-0.1488666023,0.2126653781,0.3269287727,0.1803625228,0.802826099,1.6086343993,0.0368637109,-0.1488666023,0.2126653781
0.248913701,0.3309089638,0.1970402319,0.8390541379,1.593735675,0.0374950783,-0.1477136633,0.248913701,0.3309089638,0.1970402319,0.8390541379,1.593735675,0.0374950783,-0.1477136633,0.248913701,0.3309089638,0.1970402319,0.8390541379,1.593735675,0.0374950783,-0.1477136633,0.248913701,0.3309089638,0.1970402319,0.8390541379,1.593735675,0.0374950783,-0.1477136633,0.248913701,0.3309089638,0.1970402319,0.8390541379,1.593735675,0.0374950783,-0.1477136633,0.248913701,0.3309089638,0.1970402319,0.8390541379,1.593735675,0.0374950783,-0.1477136633,0.248913701,0.3309089638,0.1970402319,0.8390541379,1.593735675,0.0374950783,-0.1477136633,0.248913701,0.3309089638,0.1970402319,0.8390541379,1.593735675,0.0374950783,-0.1477136633,0.248913701,0.3309089638,0.1970402319,0.8390541379,1.593735675,0.0374950783,-0.1477136633,0.248913701
0.2889525716,0.3343697325,0.2126506176,0.8749145707,1.5791584564,0.0387473846,-0.1459722587,0.2889525716,0.3343697325,0.2126506176,0.8749145707,1.5791584564,0.0387473846,-0.1459722587,0.2889525716,0.3343697325,0.2126506176,0.8749145707,1.5791584564,0.0387473846,-0.1459722587,0.2889525716,0.3343697325,0.2126506176,0.8749145707,1.5791584564,0.0387473846,-0.1459722587,0.2889525716,0.3343697325,0.2126506176,0.8749145707,1.5791584564,0.0387473846,-0.1459722587,0.2889525716,0.3343697325,0.2126506176,0.8749145707,1.5791584564,0.0387473846,-0.1459722587,0.2889525716,0.3343697325,0.2126506176,0.8749145707,1.5791584564,0.0387473846,-0.1459722587,0.2889525716,0.3343697325,0.2126506176,0.8749145707,1.5791584564,0.0387473846,-0.1459722587,0.2889525716,0.3343697325,0.2126506176,0.8749145707,1.5791584564,0.0387473846,-0.1459722587,0.2889525716
0.3318637882,0.3372988968,0.2272521105,0.9097359455,1.564865722,0.0405610853,-0.1437356087,0.3318637882,0.3372988968,0.2272521105,0.9097359455,1.564865722,0.0405610853,-0.1437356087,0.3318637882,0.3372988968,0.2272521105,0.9097359455,1.564865722,0.0405610853,-0.1437356087,0.3318637882,0.3372988968,0.2272521105,0.9097359455,1.564865722,0.0405610853,-0.1437356087,0.3318637882,0.3372988968,0.2272521105,0.9097359455,1.564865722,0.0405610853,-0.1437356087,0.3318637882,0.3372988968,0.2272521105,0.9097359455,1.564865722,0.0405610853,-0.1437356087,0.3318637882,0.3372988968,0.2272521105,0.9097359455,1.564865722,0.0405610853,-0.1437356087,0.3318637882,0.3372988968,0.2272521105,0.9097359455,1.564865722,0.0405610853,-0.1437356087,0.3318637882,0.3372988968,0.2272521105,0.9097359455,1.564865722,0.0405610853,-0.1437356087,0.3318637882
0.3767318811,0.3397274235,0.2409694393,0.9430992535,1.5508061329,0.0428479851,-0.1411119633,0.3767318811,0.3397274235,0.2409694393,0.9430992535,1.5508061329,0.0428479851,-0.1411119633,0.3767318811,0.3397274235,0.2409694393,0.9430992535,1.5508061329,0.0428479851,-0.1411119633,0.3767318811,0.3397274235,0.2409694393,0.9430992535,1.5508061329,0.0428479851,-0.1411119633,0.3767318811,0.3397274235,0.2409694393,0.9430992535,1.5508061329,0.0428479851,-0.1411119633,0.3767318811,0.3397274235,0.2409694393,0.9430992535,1.5508061329,0.0428479851,-0.1411119633,0.3767318811,0.3397274235,0.2409694393,0.9430992535,1.5508061329,0.0428479851,-0.1411119633,0.3767318811,0.3397274235,0.2409694393,0.9430992535,1.5508061329,0.0428479851,-0.1411119633,0.3767318811,0.3397274235,0.2409694393,0.9430992535,1.5508061329,0.0428479851,-0.1411119633,0.3767318811
0.4227654704,0.3417134387,0.2539600658,0.9748292317,1.5369243106,0.0455107711,-0.1382059464,0.4227654704,0.3417134387,0.2539600658,0.9748292317,1.5369243106,0.0455107711,-0.1382059464,0.4227654704,0.3417134387,0.2539600658,0.9748292317,1.5369243106,0.0455107711,-0.1382059464,0.4227654704,0.3417134387,0.2539600658,0.9748292317,1.5369243106,0.0455107711,-0.1382059464,0.4227654704,0.3417134387,0.2539600658,0.9748292317,1.5369243106,0.0455107711,-0.1382059464,0.4227654704,0.3417134387,0.2539600658,0.9748292317,1.5369243106,0.0455107711,-0.1382059464,0.4227654704,0.3417134387,0.2539600658,0.9748292317,1.5369243106,0.0455107711,-0.1382059464,0.4227654704,0.3417134387,0.2539600658,0.9748292317,1.5369243106,0.0455107711,-0.1382059464,0.4227654704,0.3417134387,0.2539600658,0.9748292317,1.5369243106,0.0455107711,-0.1382059464,0.4227654704
0.4693558847,0.343326147,0.2663854633,1.0049432864,1.523168469,0.0484580259,-0.1351065296,0.4693558847,0.343326147,0.2663854633,1.0049432864,1.523168469,0.0484580259,-0.1351065296,0.4693558847,0.343326147,0.2663854633,1.0049432864,1.523168469,0.0484580259,-0.1351065296,0.4693558847,0.343326147,0.2663854633,1.0049432864,1.523168469,0.0484580259,-0.1351065296,0.4693558847,0.343326147,0.2663854633,1.0049432864,1.523168469,0.0484580259,-0.1351065296,0.4693558847,0.343326147,0.2663854633,1.0049432864,1.523168469,0.0484580259,-0.1351065296,0.4693558847,0.343326147,0.2663854633,1.0049432864,1.523168469,0.0484580259,-0.1351065296,0.4693558847,0.343326147,0.2663854633,1.0049432864,1.523168469,0.0484580259,-0.1351065296,0.4693558847,0.343326147,0.2663854633,1.0049432864,1.523168469,0.0484580259,-0.1351065296,0.4693558847
0.516083109,0.3446334622,0.2783922212,1.0335866012,1.5094945932,0.0516129207,-0.1318819144,0.516083109,0.3446334622,0.2783922212,1.0335866012,1.5094945932,0.0516129207,-0.1318819144,0.516083109,0.3446334622,0.2783922212,1.0335866012,1.5094945932,0.0516129207,-0.1318819144,0.516083109,0.3446334622,0.2783922212,1.0335866012,1.5094945932,0.0516129207,-0.1318819144,0.516083109,0.3446334622,0.2783922212,1.0335866012,1.5094945932,0.0516129207,-0.1318819144,0.516083109,0.3446334622,0.2783922212,1.0335866012,1.5094945932,0.0516129207,-0.1318819144,0.516083109,0.3446334622,0.2783922212,1.0335866012,1.5094945932,0.0516129207,-0.1318819144,0.516083109,0.3446334622,0.2783922212,1.0335866012,1.5094945932,0.0516129207,-0.1318819144,0.516083109,0.3446334622,0.2783922212,1.0335866012,1.5094945932,0.0516129207,-0.1318819144,0.516083109
0.5626899772,0.3456943972,0.2901029201,1.0609735406,1.4958677164,0.0549164253,-0.128579467,0.5626899772,0.3456943972,0.2901029201,1.0609735406,1.4958677164,0.0549164253,-0.128579467,0.5626899772,0.3456943972,0.2901029201,1.0609735406,1.4958677164,0.0549164253,-0.128579467,0.5626899772,0.3456943972,0.2901029201,1.0609735406,1.4958677164,0.0549164253,-0.128579467,0.5626899772,0.3456943972,0.2901029201,1.0609735406,1.4958677164,0.0549164253,-0.128579467,0.5626899772,0.3456943972,0.2901029201,1.0609735406,1.4958677164,0.0549164253,-0.128579467,0.5626899772,0.3456943972,0.2901029201,1.0609735406,1.4958677164,0.0549164253,-0.128579467,0.5626899772,0.3456943972,0.2901029201,1.0609735406,1.4958677164,0.0549164253,-0.128579467,0.5626899772,0.3456943972,0.2901029201,1.0609735406,1.4958677164,0.0549164253,-0.128579467,0.5626899772
0.6090439738,0.3465554892,0.3016141611,1.0873443292,1.4822613583,0.0583269382,-0.125228379,0.6090439738,0.3465554892,0.3016141611,1.0873443292,1.4822613583,0.0583269382,-0.125228379,0.6090439738,0.3465554892,0.3016141611,1.0873443292,1.4822613583,0.0583269382,-0.125228379,0.6090439738,0.3465554892,0.3016141611,1.0873443292,1.4822613583,0.0583269382,-0.125228379,0.6090439738,0.3465554892,0.3016141611,1.0873443292,1.4822613583,0.0583269382,-0.125228379,0.6090439738,0.3465554892,0.3016141611,1.0873443292,1.4822613583,0.0583269382,-0.125228379,0.6090439738,0.3465554892,0.3016141611,1.0873443292,1.4822613583,0.0583269382,-0.125228379,0.6090439738,0.3465554892,0.3016141611,1.0873443292,1.4822613583,0.0583269382,-0.125228379,0.6090439738,0.3465554892,0.3016141611,1.0873443292,1.4822613583,0.0583269382,-0.125228379,0.6090439738
0.6550993013,0.3472499111,0.312998701,1.1129378953,1.4686561083,0.061818171,-0.121843216,0.6550993013,0.3472499111,0.312998701,1.1129378953,1.4686561083,0.061818171,-0.121843216,0.6550993013,0.3472499111,0.312998701,1.1129378953,1.4686561083,0.061818171,-0.121843216,0.6550993013,0.3472499111,0.312998701,1.1129378953,1.4686561083,0.061818171,-0.121843216,0.6550993013,0.3472499111,0.312998701,1.1129378953,1.4686561083,0.061818171,-0.121843216,0.6550993013,0.3472499111,0.312998701,1.1129378953,1.4686561083,0.061818171,-0.121843216,0.6550993013,0.3472499111,0.312998701,1.1129378953,1.4686561083,0.061818171,-0.121843216,0.6550993013,0.3472499111,0.312998701,1.1129378953,1.4686561083,0.061818171,-0.121843216,0.6550993013,0.3472499111,0.312998701,1.1129378953,1.4686561083,0.061818171,-0.121843216,0.6550993013
0.7008652359,0.3477979983,0.3243092907,1.1379778024,1.4550380363,0.0653765841,-0.1184272487,0.7008652359,0.3477979983,0.3243092907,1.1379778024,1.4550380363,0.0653765841,-0.1184272487,0.7008652359,0.3477979983,0.3243092907,1.1379778024,1.4550380363,0.0653765841,-0.1184272487,0.7008652359,0.3477979983,0.3243092907,1.1379778024,1.4550380363,0.0653765841,-0.1184272487,0.7008652359,0.3477979983,0.3243092907,1.1379778024,1.4550380363,0.0653765841,-0.1184272487,0.7008652359,0.3477979983,0.3243092907,1.1379778024,1.4550380363,0.0653765841,-0.1184272487,0.7008652359,0.3477979983,0.3243092907,1.1379778024,1.4550380363,0.0653765841,-0.1184272487,0.7008652359,0.3477979983,0.3243092907,1.1379778024,1.4550380363,0.0653765841,-0.1184272487,0.7008652359,0.3477979983,0.3243092907,1.1379778024,1.4550380363,0.0653765841,-0.1184272487,0.7008652359
0.7463822982,0.3482082849,0.3355826971,1.1626672072,1.4413973093,0.0689991047,-0.1149750638,0.7463822982,0.3482082849,0.3355826971,1.1626672072,1.4413973093,0.0689991047,-0.1149750638,0.7463822982,0.3482082849,0.3355826971,1.1626672072,1.4413973093,0.0689991047,-0.1149750638,0.7463822982,0.3482082849,0.3355826971,1.1626672072,1.4413973093,0.0689991047,-0.1149750638,0.7463822982,0.3482082849,0.3355826971,1.1626672072,1.4413973093,0.0689991047,-0.1149750638,0.7463822982,0.3482082849,0.3355826971,1.1626672072,1.4413973093,0.0689991047,-0.1149750638,0.7463822982,0.3482082849,0.3355826971,1.1626672072,1.4413973093,0.0689991047,-0.1149750638,0.7463822982,0.3482082849,0.3355826971,1.1626672072,1.4413973093,0.0689991047,-0.1149750638,0.7463822982,0.3482082849,0.3355826971,1.1626672072,1.4413973093,0.0689991047,-0.1149750638,0.7463822982
0.7917054126,0.3484785009,0.3468431117,1.1871892668,1.4277271836,0.0726914489,-0.1114743324,0.7917054126,0.3484785009,0.3468431117,1.1871892668,1.4277271836,0.0726914489,-0.1114743324,0.7917054126,0.3484785009,0.3468431117,1.1871892668,1.4277271836,0.0726914489,-0.1114743324,0.7917054126,0.3484785009,0.3468431117,1.1871892668,1.4277271836,0.0726914489,-0.1114743324,0.7917054126,0.3484785009,0.3468431117,1.1871892668,1.4277271836,0.0726914489,-0.1114743324,0.7917054126,0.3484785009,0.3468431117,1.1871892668,1.4277271836,0.0726914489,-0.1114743324,0.7917054126,0.3484785009,0.3468431117,1.1871892668,1.4277271836,0.0726914489,-0.1114743324,0.7917054126,0.3484785009,0.3468431117,1.1871892668,1.4277271836,0.0726914489,-0.1114743324,0.7917054126,0.3484785009,0.3468431117,1.1871892668,1.4277271836,0.0726914489,-0.1114743324,0.7917054126
0.8368923507,0.3485962653,0.3581046125,1.2117103468,1.4140234308,0.0764671235,-0.1079068022,0.8368923507,0.3485962653,0.3581046125,1.2117103468,1.4140234308,0.0764671235,-0.1079068022,0.8368923507,0.3485962653,0.3581046125,1.2117103468,1.4140234308,0.0764671235,-0.1079068022,0.8368923507,0.3485962653,0.3581046125,1.2117103468,1.4140234308,0.0764671235,-0.1079068022,0.8368923507,0.3485962653,0.3581046125,1.2117103468,1.4140234308,0.0764671235,-0.1079068022,0.8368923507,0.3485962653,0.3581046125,1.2117103468,1.4140234308,0.0764671235,-0.1079068022,0.8368923507,0.3485962653,0.3581046125,1.2117103468,1.4140234308,0.0764671235,-0.1079068022,0.8368923507,0.3485962653,0.3581046125,1.2117103468,1.4140234308,0.0764671235,-0.1079068022,0.8368923507,0.3485962653,0.3581046125,1.2117103468,1.4140234308,0.0764671235,-0.1079068022,0.8368923507
0.8819956481,0.3485393866,0.3693725912,1.2363842337,1.400284202,0.08034706,-0.1042486572,0.8819956481,0.3485393866,0.3693725912,1.2363842337,1.400284202,0.08034706,-0.1042486572,0.8819956481,0.3485393866,0.3693725912,1.2363842337,1.400284202,0.08034706,-0.1042486572,0.8819956481,0.3485393866,0.3693725912,1.2363842337,1.400284202,0.08034706,-0.1042486572,0.8819956481,0.3485393866,0.3693725912,1.2363842337,1.400284202,0.08034706,-0.1042486572,0.8819956481,0.3485393866,0.3693725912,1.2363842337,1.400284202,0.08034706,-0.1042486572,0.8819956481,0.3485393866,0.3693725912,1.2363842337,1.400284202,0.08034706,-0.1042486572,0.8819956481,0.3485393866,0.3693725912,1.2363842337,1.400284202,0.08034706,-0.1042486572,0.8819956481,0.3485393866,0.3693725912,1.2363842337,1.400284202,0.08034706,-0.1042486572,0.8819956481
0.9270564077,0.3482758021,0.3806441659,1.2613561658,1.3865103322,0.0843597755,-0.1004704123,0.9270564077,0.3482758021,0.3806441659,1.2613561658,1.3865103322,0.0843597755,-0.1004704123,0.9270564077,0.3482758021,0.3806441659,1.2613561658,1.3865103322,0.0843597755,-0.1004704123,0.9270564077,0.3482758021,0.3806441659,1.2613561658,1.3865103322,0.0843597755,-0.1004704123,0.9270564077,0.3482758021,0.3806441659,1.2613561658,1.3865103322,0.0843597755,-0.1004704123,0.9270564077,0.3482758021,0.3806441659,1.2613561658,1.3865103322,0.0843597755,-0.1004704123,0.9270564077,0.3482758021,0.3806441659,1.2613561658,1.3865103322,0.0843597755,-0.1004704123,0.9270564077,0.3482758021,0.3806441659,1.2613561658,1.3865103322,0.0843597755,-0.1004704123,0.9270564077,0.3482758021,0.3806441659,1.2613561658,1.3865103322,0.0843597755,-0.1004704123,0.9270564077
0.9720987134,0.3477632662,0.3919076325,1.2867658442,1.37270609,0.0885419218,-0.0965365147,0.9720987134,0.3477632662,0.3919076325,1.2867658442,1.37270609,0.0885419218,-0.0965365147,0.9720987134,0.3477632662,0.3919076325,1.2867658442,1.37270609,0.0885419218,-0.0965365147,0.9720987134,0.3477632662,0.3919076325,1.2867658442,1.37270609,0.0885419218,-0.0965365147,0.9720987134,0.3477632662,0.3919076325,1.2867658442,1.37270609,0.0885419218,-0.0965365147,0.9720987134,0.3477632662,0.3919076325,1.2867658442,1.37270609,0.0885419218,-0.0965365147,0.9720987134,0.3477632662,0.3919076325,1.2867658442,1.37270609,0.0885419218,-0.0965365147,0.9720987134,0.3477632662,0.3919076325,1.2867658442,1.37270609,0.0885419218,-0.0965365147,0.9720987134,0.3477632662,0.3919076325,1.2867658442,1.37270609,0.0885419218,-0.0965365147,0.9720987134
1.0171236825,0.3469489799,0.4031410162,1.3127487347,1.3588803873,0.0929390496,-0.0924048449,1.0171236825,0.3469489799,0.4031410162,1.3127487347,1.3588803873,0.0929390496,-0.0924048449,1.0171236825,0.3469489799,0.4031410162,1.3127487347,1.3588803873,0.0929390496,-0.0924048449,1.0171236825,0.3469489799,0.4031410162,1.3127487347,1.3588803873,0.0929390496,-0.0924048449,1.0171236825,0.3469489799,0.4031410162,1.3127487347,1.3588803873,0.0929390496,-0.0924048449,1.0171236825,0.3469489799,0.4031410162,1.3127487347,1.3588803873,0.0929390496,-0.0924048449,1.0171236825,0.3469489799,0.4031410162,1.3127487347,1.3588803873,0.0929390496,-0.0924048449,1.0171236825,0.3469489799,0.4031410162,1.3127487347,1.3588803873,0.0929390496,-0.0924048449,1.0171236825,0.3469489799,0.4031410162,1.3127487347,1.3588803873,0.0929390496,-0.0924048449,1.0171236825
1.0621024884,0.3457694392,0.4143098124,1.339434977,1.3450484565,0.097606357,-0.0880263471,1.0621024884,0.3457694392,0.4143098124,1.339434977,1.3450484565,0.097606357,-0.0880263471,1.0621024884,0.3457694392,0.4143098124,1.339434977,1.3450484565,0.097606357,-0.0880263471,1.0621024884,0.3457694392,0.4143098124,1.339434977,1.3450484565,0.097606357,-0.0880263471,1.0621024884,0.3457694392,0.4143098124,1.339434977,1.3450484565,0.097606357,-0.0880263471,1.0621024884,0.3457694392,0.4143098124,1.339434977,1.3450484565,0.097606357,-0.0880263471,1.0621024884,0.3457694392,0.4143098124,1.339434977,1.3450484565,0.097606357,-0.0880263471,1.0621024884,0.3457694392,0.4143098124,1.339434977,1.3450484565,0.097606357,-0.0880263471,1.0621024884,0.3457694392,0.4143098124,1.339434977,1.3450484565,0.097606357,-0.0880263471,1.0621024884
1.1069680232,0.3441508963,0.4253640703,1.3669451636,1.3312339684,0.1026091052,-0.083345086,1.1069680232,0.3441508963,0.4253640703,1.3669451636,1.3312339684,0.1026091052,-0.083345086,1.1069680232,0.3441508963,0.4253640703,1.3669451636,1.3312339684,0.1026091052,-0.083345086,1.1069680232,0.3441508963,0.4253640703,1.3669451636,1.3312339684,0.1026091052,-0.083345086,1.1069680232,0.3441508963,0.4253640703,1.3669451636,1.3312339684,0.1026091052,-0.083345086,1.1069680232,0.3441508963,0.4253640703,1.3669451636,1.3312339684,0.1026091052,-0.083345086,1.1069680232,0.3441508963,0.4253640703,1.3669451636,1.3312339684,0.1026091052,-0.083345086,1.1069680232,0.3441508963,0.4253640703,1.3669451636,1.3312339684,0.1026091052,-0.083345086,1.1069680232,0.3441508963,0.4253640703,1.3669451636,1.3312339684,0.1026091052,-0.083345086,1.1069680232
1.1516053312,0.3420109508,0.4362351123,1.3953822345,1.3174714861,0.108022267,-0.0782991077,1.1516053312,0.3420109508,0.4362351123,1.3953822345,1.3174714861,0.108022267,-0.0782991077,1.1516053312,0.3420109508,0.4362351123,1.3953822345,1.3174714861,0.108022267,-0.0782991077,1.1516053312,0.3420109508,0.4362351123,1.3953822345,1.3174714861,0.108022267,-0.0782991077,1.1516053312,0.3420109508,0.4362351123,1.3953822345,1.3174714861,0.108022267,-0.0782991077,1.1516053312,0.3420109508,0.4362351123,1.3953822345,1.3174714861,0.108022267,-0.0782991077,1.1516053312,0.3420109508,0.4362351123,1.3953822345,1.3174714861,0.108022267,-0.0782991077,1.1516053312,0.3420109508,0.4362351123,1.3953822345,1.3174714861,0.108022267,-0.0782991077,1.1516053312,0.3420109508,0.4362351123,1.3953822345,1.3174714861,0.108022267,-0.0782991077,1.1516053312
1.1958415891,0.3392619031,0.4468324055,1.4248188781,1.3038090108,0.1139288491,-0.0728225652,1.1958415891,0.3392619031,0.4468324055,1.4248188781,1.3038090108,0.1139288491,-0.0728225652,1.1958415891,0.3392619031,0.4468324055,1.4248188781,1.3038090108,0.1139288491,-0.0728225652,1.1958415891,0.3392619031,0.4468324055,1.4248188781,1.3038090108,0.1139288491,-0.0728225652,1.1958415891,0.3392619031,0.4468324055,1.4248188781,1.3038090108,0.1139288491,-0.0728225652,1.1958415891,0.3392619031,0.4468324055,1.4248188781,1.3038090108,0.1139288491,-0.0728225652,1.1958415891,0.3392619031,0.4468324055,1.4248188781,1.3038090108,0.1139288491,-0.0728225652,1.1958415891,0.3392619031,0.4468324055,1.4248188781,1.3038090108,0.1139288491,-0.0728225652,1.1958415891,0.3392619031,0.4468324055,1.4248188781,1.3038090108,0.1139288491,-0.0728225652,1.1958415891
1.2394372951,0.3358165308,0.4570414155,1.4552803041,1.2903101765,0.1204162433,-0.0668495968,1.2394372951,0.3358165308,0.4570414155,1.4552803041,1.2903101765,0.1204162433,-0.0668495968,1.2394372951,0.3358165308,0.4570414155,1.4552803041,1.2903101765,0.1204162433,-0.0668495968,1.2394372951,0.3358165308,0.4570414155,1.4552803041,1.2903101765,0.1204162433,-0.0668495968,1.2394372951,0.3358165308,0.4570414155,1.4552803041,1.2903101765,0.1204162433,-0.0668495968,1.2394372951,0.3358165308,0.4570414155,1.4552803041,1.2903101765,0.1204162433,-0.0668495968,1.2394372951,0.3358165308,0.4570414155,1.4552803041,1.2903101765,0.1204162433,-0.0668495968,1.2394372951,0.3358165308,0.4570414155,1.4552803041,1.2903101765,0.1204162433,-0.0668495968,1.2394372951,0.3358165308,0.4570414155,1.4552803041,1.2903101765,0.1204162433,-0.0668495968,1.2394372951
1.2820813782,0.3315968057,0.4667236094,1.4867232354,1.277055403,0.1275699932,-0.0603203513,1.2820813782,0.3315968057,0.4667236094,1.4867232354,1.277055403,0.1275699932,-0.0603203513,1.2820813782,0.3315968057,0.4667236094,1.4867232354,1.277055403,0.1275699932,-0.0603203513,1.2820813782,0.3315968057,0.4667236094,1.4867232354,1.277055403,0.1275699932,-0.0603203513,1.2820813782,0.3315968057,0.4667236094,1.4867232354,1.277055403,0.1275699932,-0.0603203513,1.2820813782,0.3315968057,0.4667236094,1.4867232354,1.277055403,0.1275699932,-0.0603203513,1.2820813782,0.3315968057,0.4667236094,1.4867232354,1.277055403,0.1275699932,-0.0603203513,1.2820813782,0.3315968057,0.4667236094,1.4867232354,1.277055403,0.1275699932,-0.0603203513,1.2820813782,0.3315968057,0.4667236094,1.4867232354,1.277055403,0.1275699932,-0.0603203513,1.2820813782
1.3233939163,0.3265456092,0.4757200295,1.519013545,1.2641410945,0.1354646453,-0.053189243,1.3233939163,0.3265456092,0.4757200295,1.519013545,1.2641410945,0.1354646453,-0.053189243,1.3233939163,0.3265456092,0.4757200295,1.519013545,1.2641410945,0.1354646453,-0.053189243,1.3233939163,0.3265456092,0.4757200295,1.519013545,1.2641410945,0.1354646453,-0.053189243,1.3233939163,0.3265456092,0.4757200295,1.519013545,1.2641410945,0.1354646453,-0.053189243,1.3233939163,0.3265456092,0.4757200295,1.519013545,1.2641410945,0.1354646453,-0.053189243,1.3233939163,0.3265456092,0.4757200295,1.519013545,1.2641410945,0.1354646453,-0.053189243,1.3233939163,0.3265456092,0.4757200295,1.519013545,1.2641410945,0.1354646453,-0.053189243,1.3233939163,0.3265456092,0.4757200295,1.519013545,1.2641410945,0.1354646453,-0.053189243,1.3233939163
1.3629405208,0.3206406514,0.4838597909,1.5519069889,1.2516759009,0.1441519797,-0.0454349154,1.3629405208,0.3206406514,0.4838597909,1.5519069889,1.2516759009,0.1441519797,-0.0454349154,1.3629405208,0.3206406514,0.4838597909,1.5519069889,1.2516759009,0.1441519797,-0.0454349154,1.3629405208,0.3206406514,0.4838597909,1.5519069889,1.2516759009,0.1441519797,-0.0454349154,1.3629405208,0.3206406514,0.4838597909,1.5519069889,1.2516759009,0.1441519797,-0.0454349154,1.3629405208,0.3206406514,0.4838597909,1.5519069889,1.2516759009,0.1441519797,-0.0454349154,1.3629405208,0.3206406514,0.4838597909,1.5519069889,1.2516759009,0.1441519797,-0.0454349154,1.3629405208,0.3206406514,0.4838597909,1.5519069889,1.2516759009,0.1441519797,-0.0454349154,1.3629405208,0.3206406514,0.4838597909,1.5519069889,1.2516759009,0.1441519797,-0.0454349154,1.3629405208
1.4002615092,0.31390859,0.49097422,1.5850393675,1.2397733194,0.1536479197,-0.037070529,1.4002615092,0.31390859,0.49097422,1.5850393675,1.2397733194,0.1536479197,-0.037070529,1.4002615092,0.31390859,0.49097422,1.5850393675,1.2397733194,0.1536479197,-0.037070529,1.4002615092,0.31390859,0.49097422,1.5850393675,1.2397733194,0.1536479197,-0.037070529,1.4002615092,0.31390859,0.49097422,1.5850393675,1.2397733194,0.1536479197,-0.037070529,1.4002615092,0.31390859,0.49097422,1.5850393675,1.2397733194,0.1536479197,-0.037070529,1.4002615092,0.31390859,0.49097422,1.5850393675,1.2397733194,0.1536479197,-0.037070529,1.4002615092,0.31390859,0.49097422,1.5850393675,1.2397733194,0.1536479197,-0.037070529,1.4002615092,0.31390859,0.49097422,1.5850393675,1.2397733194,0.1536479197,-0.037070529,1.4002615092
1.4349160945,0.306436101,0.4969159711,1.6179331104,1.2285406514,0.1639206037,-0.0281520738,1.4349160945,0.306436101,0.4969159711,1.6179331104,1.2285406514,0.1639206037,-0.0281520738,1.4349160945,0.306436101,0.4969159711,1.6179331104,1.2285406514,0.1639206037,-0.0281520738,1.4349160945,0.306436101,0.4969159711,1.6179331104,1.2285406514,0.1639206037,-0.0281520738,1.4349160945,0.306436101,0.4969159711,1.6179331104,1.2285406514,0.1639206037,-0.0281520738,1.4349160945,0.306436101,0.4969159711,1.6179331104,1.2285406514,0.1639206037,-0.0281520738,1.4349160945,0.306436101,0.4969159711,1.6179331104,1.2285406514,0.1639206037,-0.0281520738,1.4349160945,0.306436101,0.4969159711,1.6179331104,1.2285406514,0.1639206037,-0.0281520738,1.4349160945,0.306436101,0.4969159711,1.6179331104,1.2285406514,0.1639206037,-0.0281520738,1.4349160945
1.466537049,0.2983739905,0.5015805043,1.6500254501,1.2180655207,0.1748829846,-0.0187818815,1.466537049,0.2983739905,0.5015805043,1.6500254501,1.2180655207,0.1748829846,-0.0187818815,1.466537049,0.2983739905,0.5015805043,1.6500254501,1.2180655207,0.1748829846,-0.0187818815,1.466537049,0.2983739905,0.5015805043,1.6500254501,1.2180655207,0.1748829846,-0.0187818815,1.466537049,0.2983739905,0.5015805043,1.6500254501,1.2180655207,0.1748829846,-0.0187818815,1.466537049,0.2983739905,0.5015805043,1.6500254501,1.2180655207,0.1748829846,-0.0187818815,1.466537049,0.2983739905,0.5015805043,1.6500254501,1.2180655207,0.1748829846,-0.0187818815,1.466537049,0.2983739905,0.5015805043,1.6500254501,1.2180655207,0.1748829846,-0.0187818815,1.466537049,0.2983739905,0.5015805043,1.6500254501,1.2180655207,0.1748829846,-0.0187818815,1.466537049
1.4948859375,0.2899310777,0.5049254349,1.6807184026,1.2084024622,0.1863932472,-0.0091049077,1.4948859375,0.2899310777,0.5049254349,1.6807184026,1.2084024622,0.1863932472,-0.0091049077,1.4948859375,0.2899310777,0.5049254349,1.6807184026,1.2084024622,0.1863932472,-0.0091049077,1.4948859375,0.2899310777,0.5049254349,1.6807184026,1.2084024622,0.1863932472,-0.0091049077,1.4948859375,0.2899310777,0.5049254349,1.6807184026,1.2084024622,0.1863932472,-0.0091049077,1.4948859375,0.2899310777,0.5049254349,1.6807184026,1.2084024622,0.1863932472,-0.0091049077,1.4948859375,0.2899310777,0.5049254349,1.6807184026,1.2084024622,0.1863932472,-0.0091049077,1.4948859375,0.2899310777,0.5049254349,1.6807184026,1.2084024622,0.1863932472,-0.0091049077,1.4948859375,0.2899310777,0.5049254349,1.6807184026,1.2084024622,0.1863932472,-0.0091049077,1.4948859375
1.5198955887,0.2813568607,0.5069824962,1.7094436791,1.1995628856,0.1982648474,0.0007030709,1.5198955887,0.2813568607,0.5069824962,1.7094436791,1.1995628856,0.1982648474,0.0007030709,1.5198955887,0.2813568607,0.5069824962,1.7094436791,1.1995628856,0.1982648474,0.0007030709,1.5198955887,0.2813568607,0.5069824962,1.7094436791,1.1995628856,0.1982648474,0.0007030709,1.5198955887,0.2813568607,0.5069824962,1.7094436791,1.1995628856,0.1982648474,0.0007030709,1.5198955887,0.2813568607,0.5069824962,1.7094436791,1.1995628856,0.1982648474,0.0007030709,1.5198955887,0.2813568607,0.5069824962,1.7094436791,1.1995628856,0.1982648474,0.0007030709,1.5198955887,0.2813568607,0.5069824962,1.7094436791,1.1995628856,0.1982648474,0.0007030709,1.5198955887,0.2813568607,0.5069824962,1.7094436791,1.1995628856,0.1982648474,0.0007030709,1.5198955887
1.5416875355,0.2729153791,0.5078580465,1.7357292324,1.1915113795,0.2102852736,0.0104537772,1.5416875355,0.2729153791,0.5078580465,1.7357292324,1.1915113795,0.2102852736,0.0104537772,1.5416875355,0.2729153791,0.5078580465,1.7357292324,1.1915113795,0.2102852736,0.0104537772,1.5416875355,0.2729153791,0.5078580465,1.7357292324,1.1915113795,0.2102852736,0.0104537772,1.5416875355,0.2729153791,0.5078580465,1.7357292324,1.1915113795,0.2102852736,0.0104537772,1.5416875355,0.2729153791,0.5078580465,1.7357292324,1.1915113795,0.2102852736,0.0104537772,1.5416875355,0.2729153791,0.5078580465,1.7357292324,1.1915113795,0.2102852736,0.0104537772,1.5416875355,0.2729153791,0.5078580465,1.7357292324,1.1915113795,0.2102852736,0.0104537772,1.5416875355,0.2729153791,0.5078580465,1.7357292324,1.1915113795,0.2102852736,0.0104537772,1.5416875355
1.5605584122,0.2648557865,0.5077211211,1.7592518422,1.184169719,0.2222397607,0.0199674379,1.5605584122,0.2648557865,0.5077211211,1.7592518422,1.184169719,0.2222397607,0.0199674379,1.5605584122,0.2648557865,0.5077211211,1.7592518422,1.184169719,0.2222397607,0.0199674379,1.5605584122,0.2648557865,0.5077211211,1.7592518422,1.184169719,0.2222397607,0.0199674379,1.5605584122,0.2648557865,0.5077211211,1.7592518422,1.184169719,0.2222397607,0.0199674379,1.5605584122,0.2648557865,0.5077211211,1.7592518422,1.184169719,0.2222397607,0.0199674379,1.5605584122,0.2648557865,0.5077211211,1.7592518422,1.184169719,0.2222397607,0.0199674379,1.5605584122,0.2648557865,0.5077211211,1.7592518422,1.184169719,0.2222397607,0.0199674379,1.5605584122,0.2648557865,0.5077211211,1.7592518422,1.184169719,0.2222397607,0.0199674379,1.5605584122
1.5769385172,0.2573863746,0.5067817948,1.7798637587,1.1774276405,0.2339345199,0.0290916607,1.5769385172,0.2573863746,0.5067817948,1.7798637587,1.1774276405,0.2339345199,0.0290916607,1.5769385172,0.2573863746,0.5067817948,1.7798637587,1.1774276405,0.2339345199,0.0290916607,1.5769385172,0.2573863746,0.5067817948,1.7798637587,1.1774276405,0.2339345199,0.0290916607,1.5769385172,0.2573863746,0.5067817948,1.7798637587,1.1774276405,0.2339345199,0.0290916607,1.5769385172,0.2573863746,0.5067817948,1.7798637587,1.1774276405,0.2339345199,0.0290916607,1.5769385172,0.2573863746,0.5067817948,1.7798637587,1.1774276405,0.2339345199,0.0290916607,1.5769385172,0.2573863746,0.5067817948,1.7798637587,1.1774276405,0.2339345199,0.0290916607,1.5769385172,0.2573863746,0.5067817948,1.7798637587,1.1774276405,0.2339345199,0.0290916607,1.5769385172
1.5913337296,0.2506574816,0.5052653226,1.7975895306,1.1711575142,0.2452144296,0.0377142101,1.5913337296,0.2506574816,0.5052653226,1.7975895306,1.1711575142,0.2452144296,0.0377142101,1.5913337296,0.2506574816,0.5052653226,1.7975895306,1.1711575142,0.2452144296,0.0377142101,1.5913337296,0.2506574816,0.5052653226,1.7975895306,1.1711575142,0.2452144296,0.0377142101,1.5913337296,0.2506574816,0.5052653226,1.7975895306,1.1711575142,0.2452144296,0.0377142101,1.5913337296,0.2506574816,0.5052653226,1.7975895306,1.1711575142,0.2452144296,0.0377142101,1.5913337296,0.2506574816,0.5052653226,1.7975895306,1.1711575142,0.2452144296,0.0377142101,1.5913337296,0.2506574816,0.5052653226,1.7975895306,1.1711575142,0.2452144296,0.0377142101,1.5913337296,0.2506574816,0.5052653226,1.7975895306,1.1711575142,0.2452144296,0.0377142101,1.5913337296
1.6042652246,0.2447555863,0.5033880357,1.8125978953,1.1652293121,0.255972292,0.0457678857,1.6042652246,0.2447555863,0.5033880357,1.8125978953,1.1652293121,0.255972292,0.0457678857,1.6042652246,0.2447555863,0.5033880357,1.8125978953,1.1652293121,0.255972292,0.0457678857,1.6042652246,0.2447555863,0.5033880357,1.8125978953,1.1652293121,0.255972292,0.0457678857,1.6042652246,0.2447555863,0.5033880357,1.8125978953,1.1652293121,0.255972292,0.0457678857,1.6042652246,0.2447555863,0.5033880357,1.8125978953,1.1652293121,0.255972292,0.0457678857,1.6042652246,0.2447555863,0.5033880357,1.8125978953,1.1652293121,0.255972292,0.0457678857,1.6042652246,0.2447555863,0.5033880357,1.8125978953,1.1652293121,0.255972292,0.0457678857,1.6042652246,0.2447555863,0.5033880357,1.8125978953,1.1652293121,0.255972292,0.0457678857,1.6042652246
1.6162192528,0.2397075207,0.5013393688,1.8251592122,1.1595228775,0.2661495175,0.0532281193,1.6162192528,0.2397075207,0.5013393688,1.8251592122,1.1595228775,0.2661495175,0.0532281193,1.6162192528,0.2397075207,0.5013393688,1.8251592122,1.1595228775,0.2661495175,0.0532281193,1.6162192528,0.2397075207,0.5013393688,1.8251592122,1.1595228775,0.2661495175,0.0532281193,1.6162192528,0.2397075207,0.5013393688,1.8251592122,1.1595228775,0.2661495175,0.0532281193,1.6162192528,0.2397075207,0.5013393688,1.8251592122,1.1595228775,0.2661495175,0.0532281193,1.6162192528,0.2397075207,0.5013393688,1.8251592122,1.1595228775,0.2661495175,0.0532281193,1.6162192528,0.2397075207,0.5013393688,1.8251592122,1.1595228775,0.2661495175,0.0532281193,1.6162192528,0.2397075207,0.5013393688,1.8251592122,1.1595228775,0.2661495175,0.0532281193,1.6162192528
1.627613721,0.2354915066,0.4992717988,1.8355998677,1.1539359112,0.2757302452,0.060105545,1.627613721,0.2354915066,0.4992717988,1.8355998677,1.1539359112,0.2757302452,0.060105545,1.627613721,0.2354915066,0.4992717988,1.8355998677,1.1539359112,0.2757302452,0.060105545,1.627613721,0.2354915066,0.4992717988,1.8355998677,1.1539359112,0.2757302452,0.060105545,1.627613721,0.2354915066,0.4992717988,1.8355998677,1.1539359112,0.2757302452,0.060105545,1.627613721,0.2354915066,0.4992717988,1.8355998677,1.1539359112,0.2757302452,0.060105545,1.627613721,0.2354915066,0.4992717988,1.8355998677,1.1539359112,0.2757302452,0.060105545,1.627613721,0.2354915066,0.4992717988,1.8355998677,1.1539359112,0.2757302452,0.060105545,1.627613721,0.2354915066,0.4992717988,1.8355998677,1.1539359112,0.2757302452,0.060105545,1.627613721
1.6387824381,0.2320511407,0.4972981254,1.844262367,1.1483875462,0.2847318159,0.0664362785,1.6387824381,0.2320511407,0.4972981254,1.844262367,1.1483875462,0.2847318159,0.0664362785,1.6387824381,0.2320511407,0.4972981254,1.844262367,1.1483875462,0.2847318159,0.0664362785,1.6387824381,0.2320511407,0.4972981254,1.844262367,1.1483875462,0.2847318159,0.0664362785,1.6387824381,0.2320511407,0.4972981254,1.844262367,1.1483875462,0.2847318159,0.0664362785,1.6387824381,0.2320511407,0.4972981254,1.844262367,1.1483875462,0.2847318159,0.0664362785,1.6387824381,0.2320511407,0.4972981254,1.844262367,1.1483875462,0.2847318159,0.0664362785,1.6387824381,0.2320511407,0.4972981254,1.844262367,1.1483875462,0.2847318159,0.0664362785,1.6387824381,0.2320511407,0.4972981254,1.844262367,1.1483875462,0.2847318159,0.0664362785,1.6387824381
1.6499738161,0.2293091277,0.4954941447,1.8514756625,1.1428183715,0.2931943086,0.0722722084,1.6499738161,0.2293091277,0.4954941447,1.8514756625,1.1428183715,0.2931943086,0.0722722084,1.6499738161,0.2293091277,0.4954941447,1.8514756625,1.1428183715,0.2931943086,0.0722722084,1.6499738161,0.2293091277,0.4954941447,1.8514756625,1.1428183715,0.2931943086,0.0722722084,1.6499738161,0.2293091277,0.4954941447,1.8514756625,1.1428183715,0.2931943086,0.0722722084,1.6499738161,0.2293091277,0.4954941447,1.8514756625,1.1428183715,0.2931943086,0.0722722084,1.6499738161,0.2293091277,0.4954941447,1.8514756625,1.1428183715,0.2931943086,0.0722722084,1.6499738161,0.2293091277,0.4954941447,1.8514756625,1.1428183715,0.2931943086,0.0722722084,1.6499738161,0.2293091277,0.4954941447,1.8514756625,1.1428183715,0.2931943086,0.0722722084,1.6499738161
1.6613591332,0.227178804,0.4939044199,1.8575365388,1.13718815,0.301171031,0.0776727413,1.6613591332,0.227178804,0.4939044199,1.8575365388,1.13718815,0.301171031,0.0776727413,1.6613591332,0.227178804,0.4939044199,1.8575365388,1.13718815,0.301171031,0.0776727413,1.6613591332,0.227178804,0.4939044199,1.8575365388,1.13718815,0.301171031,0.0776727413,1.6613591332,0.227178804,0.4939044199,1.8575365388,1.13718815,0.301171031,0.0776727413,1.6613591332,0.227178804,0.4939044199,1.8575365388,1.13718815,0.301171031,0.0776727413,1.6613591332,0.227178804,0.4939044199,1.8575365388,1.13718815,0.301171031,0.0776727413,1.6613591332,0.227178804,0.4939044199,1.8575365388,1.13718815,0.301171031,0.0776727413,1.6613591332,0.227178804,0.4939044199,1.8575365388,1.13718815,0.301171031,0.0776727413,1.6613591332
1.6730456464,0.225572676,0.4925491918,1.8627005159,1.1314724088,0.3087209267,0.0826986059,1.6730456464,0.225572676,0.4925491918,1.8627005159,1.1314724088,0.3087209267,0.0826986059,1.6730456464,0.225572676,0.4925491918,1.8627005159,1.1314724088,0.3087209267,0.0826986059,1.6730456464,0.225572676,0.4925491918,1.8627005159,1.1314724088,0.3087209267,0.0826986059,1.6730456464,0.225572676,0.4925491918,1.8627005159,1.1314724088,0.3087209267,0.0826986059,1.6730456464,0.225572676,0.4925491918,1.8627005159,1.1314724088,0.3087209267,0.0826986059,1.6730456464,0.225572676,0.4925491918,1.8627005159,1.1314724088,0.3087209267,0.0826986059,1.6730456464,0.225572676,0.4925491918,1.8627005159,1.1314724088,0.3087209267,0.0826986059,1.6730456464,0.225572676,0.4925491918,1.8627005159,1.1314724088,0.3087209267,0.0826986059,1.6730456464
1.6850909754,0.2244080328,0.4914310951,1.8671797418,1.1256587789,0.3159031342,0.087407713,1.6850909754,0.2244080328,0.4914310951,1.8671797418,1.1256587789,0.3159031342,0.087407713,1.6850909754,0.2244080328,0.4914310951,1.8671797418,1.1256587789,0.3159031342,0.087407713,1.6850909754,0.2244080328,0.4914310951,1.8671797418,1.1256587789,0.3159031342,0.087407713,1.6850909754,0.2244080328,0.4914310951,1.8671797418,1.1256587789,0.3159031342,0.087407713,1.6850909754,0.2244080328,0.4914310951,1.8671797418,1.1256587789,0.3159031342,0.087407713,1.6850909754,0.2244080328,0.4914310951,1.8671797418,1.1256587789,0.3159031342,0.087407713,1.6850909754,0.2244080328,0.4914310951,1.8671797418,1.1256587789,0.3159031342,0.087407713,1.6850909754,0.2244080328,0.4914310951,1.8671797418,1.1256587789,0.3159031342,0.087407713,1.6850909754
1.6975165263,0.2236101292,0.4905409518,1.8711453347,1.1197436254,0.3227734905,0.0918527482,1.6975165263,0.2236101292,0.4905409518,1.8711453347,1.1197436254,0.3227734905,0.0918527482,1.6975165263,0.2236101292,0.4905409518,1.8711453347,1.1197436254,0.3227734905,0.0918527482,1.6975165263,0.2236101292,0.4905409518,1.8711453347,1.1197436254,0.3227734905,0.0918527482,1.6975165263,0.2236101292,0.4905409518,1.8711453347,1.1197436254,0.3227734905,0.0918527482,1.6975165263,0.2236101292,0.4905409518,1.8711453347,1.1197436254,0.3227734905,0.0918527482,1.6975165263,0.2236101292,0.4905409518,1.8711453347,1.1197436254,0.3227734905,0.0918527482,1.6975165263,0.2236101292,0.4905409518,1.8711453347,1.1197436254,0.3227734905,0.0918527482,1.6975165263,0.2236101292,0.4905409518,1.8711453347,1.1197436254,0.3227734905,0.0918527482,1.6975165263
1.7103188486,0.2231135735,0.4898623726,1.874732101,1.1137292228,0.3293825767,0.0960800583,1.7103188486,0.2231135735,0.4898623726,1.874732101,1.1137292228,0.3293825767,0.0960800583,1.7103188486,0.2231135735,0.4898623726,1.874732101,1.1137292228,0.3293825767,0.0960800583,1.7103188486,0.2231135735,0.4898623726,1.874732101,1.1137292228,0.3293825767,0.0960800583,1.7103188486,0.2231135735,0.4898623726,1.874732101,1.1137292228,0.3293825767,0.0960800583,1.7103188486,0.2231135735,0.4898623726,1.874732101,1.1137292228,0.3293825767,0.0960800583,1.7103188486,0.2231135735,0.4898623726,1.874732101,1.1137292228,0.3293825767,0.0960800583,1.7103188486,0.2231135735,0.4898623726,1.874732101,1.1137292228,0.3293825767,0.0960800583,1.7103188486,0.2231135735,0.4898623726,1.874732101,1.1137292228,0.3293825767,0.0960800583,1.7103188486
1.7234786001,0.2228625151,0.4893751791,1.8780441658,1.1076215468,0.3357748738,0.1001294162,1.7234786001,0.2228625151,0.4893751791,1.8780441658,1.1076215468,0.3357748738,0.1001294162,1.7234786001,0.2228625151,0.4893751791,1.8780441658,1.1076215468,0.3357748738,0.1001294162,1.7234786001,0.2228625151,0.4893751791,1.8780441658,1.1076215468,0.3357748738,0.1001294162,1.7234786001,0.2228625151,0.4893751791,1.8780441658,1.1076215468,0.3357748738,0.1001294162,1.7234786001,0.2228625151,0.4893751791,1.8780441658,1.1076215468,0.3357748738,0.1001294162,1.7234786001,0.2228625151,0.4893751791,1.8780441658,1.1076215468,0.3357748738,0.1001294162,1.7234786001,0.2228625151,0.4893751791,1.8780441658,1.1076215468,0.3357748738,0.1001294162,1.7234786001,0.2228625151,0.4893751791,1.8780441658,1.1076215468,0.3357748738,0.1001294162,1.7234786001
1.736967246,0.2228101075,0.4890578054,1.8811605968,1.1014286378,0.3419886528,0.1040343238,1.736967246,0.2228101075,0.4890578054,1.8811605968,1.1014286378,0.3419886528,0.1040343238,1.736967246,0.2228101075,0.4890578054,1.8811605968,1.1014286378,0.3419886528,0.1040343238,1.736967246,0.2228101075,0.4890578054,1.8811605968,1.1014286378,0.3419886528,0.1040343238,1.736967246,0.2228101075,0.4890578054,1.8811605968,1.1014286378,0.3419886528,0.1040343238,1.736967246,0.2228101075,0.4890578054,1.8811605968,1.1014286378,0.3419886528,0.1040343238,1.736967246,0.2228101075,0.4890578054,1.8811605968,1.1014286378,0.3419886528,0.1040343238,1.736967246,0.2228101075,0.4890578054,1.8811605968,1.1014286378,0.3419886528,0.1040343238,1.736967246,0.2228101075,0.4890578054,1.8811605968,1.1014286378,0.3419886528,0.1040343238,1.736967246
1.7507518291,0.2229175953,0.4888888854,1.8841405243,1.0951594477,0.3480563046,0.1078226041,1.7507518291,0.2229175953,0.4888888854,1.8841405243,1.0951594477,0.3480563046,0.1078226041,1.7507518291,0.2229175953,0.4888888854,1.8841405243,1.0951594477,0.3480563046,0.1078226041,1.7507518291,0.2229175953,0.4888888854,1.8841405243,1.0951594477,0.3480563046,0.1078226041,1.7507518291,0.2229175953,0.4888888854,1.8841405243,1.0951594477,0.3480563046,0.1078226041,1.7507518291,0.2229175953,0.4888888854,1.8841405243,1.0951594477,0.3480563046,0.1078226041,1.7507518291,0.2229175953,0.4888888854,1.8841405243,1.0951594477,0.3480563046,0.1078226041,1.7507518291,0.2229175953,0.4888888854,1.8841405243,1.0951594477,0.3480563046,0.1078226041,1.7507518291,0.2229175953,0.4888888854,1.8841405243,1.0951594477,0.3480563046,0.1078226041,1.7507518291
1.7647982068,0.2231532545,0.4888482283,1.8870275379,1.0888230665,0.3540049031,0.1115171145,1.7647982068,0.2231532545,0.4888482283,1.8870275379,1.0888230665,0.3540049031,0.1115171145,1.7647982068,0.2231532545,0.4888482283,1.8870275379,1.0888230665,0.3540049031,0.1115171145,1.7647982068,0.2231532545,0.4888482283,1.8870275379,1.0888230665,0.3540049031,0.1115171145,1.7647982068,0.2231532545,0.4888482283,1.8870275379,1.0888230665,0.3540049031,0.1115171145,1.7647982068,0.2231532545,0.4888482283,1.8870275379,1.0888230665,0.3540049031,0.1115171145,1.7647982068,0.2231532545,0.4888482283,1.8870275379,1.0888230665,0.3540049031,0.1115171145,1.7647982068,0.2231532545,0.4888482283,1.8870275379,1.0888230665,0.3540049031,0.1115171145,1.7647982068,0.2231532545,0.4888482283,1.8870275379,1.0888230665,0.3540049031,0.1115171145,1.7647982068
1.7790731318,0.2234913271,0.4889173578,1.889853318,1.0824282339,0.3598568619,0.1151364772,1.7790731318,0.2234913271,0.4889173578,1.889853318,1.0824282339,0.3598568619,0.1151364772,1.7790731318,0.2234913271,0.4889173578,1.889853318,1.0824282339,0.3598568619,0.1151364772,1.7790731318,0.2234913271,0.4889173578,1.889853318,1.0824282339,0.3598568619,0.1151364772,1.7790731318,0.2234913271,0.4889173578,1.889853318,1.0824282339,0.3598568619,0.1151364772,1.7790731318,0.2234913271,0.4889173578,1.889853318,1.0824282339,0.3598568619,0.1151364772,1.7790731318,0.2234913271,0.4889173578,1.889853318,1.0824282339,0.3598568619,0.1151364772,1.7790731318,0.2234913271,0.4889173578,1.889853318,1.0824282339,0.3598568619,0.1151364772,1.7790731318,0.2234913271,0.4889173578,1.889853318,1.0824282339,0.3598568619,0.1151364772,1.7790731318
1.7935454957,0.2239110304,0.4890797515,1.8926405485,1.0759830552,0.3656305998,0.1186957664,1.7935454957,0.2239110304,0.4890797515,1.8926405485,1.0759830552,0.3656305998,0.1186957664,1.7935454957,0.2239110304,0.4890797515,1.8926405485,1.0759830552,0.3656305998,0.1186957664,1.7935454957,0.2239110304,0.4890797515,1.8926405485,1.0759830552,0.3656305998,0.1186957664,1.7935454957,0.2239110304,0.4890797515,1.8926405485,1.0759830552,0.3656305998,0.1186957664,1.7935454957,0.2239110304,0.4890797515,1.8926405485,1.0759830552,0.3656305998,0.1186957664,1.7935454957,0.2239110304,0.4890797515,1.8926405485,1.0759830552,0.3656305998,0.1186957664,1.7935454957,0.2239110304,0.4890797515,1.8926405485,1.0759830552,0.3656305998,0.1186957664,1.7935454957,0.2239110304,0.4890797515,1.8926405485,1.0759830552,0.3656305998,0.1186957664,1.7935454957
1.8081869861,0.2243956771,0.489320886,1.8954052039,1.0694948585,0.3713411663,0.1222071246,1.8081869861,0.2243956771,0.489320886,1.8954052039,1.0694948585,0.3713411663,0.1222071246,1.8081869861,0.2243956771,0.489320886,1.8954052039,1.0694948585,0.3713411663,0.1222071246,1.8081869861,0.2243956771,0.489320886,1.8954052039,1.0694948585,0.3713411663,0.1222071246,1.8081869861,0.2243956771,0.489320886,1.8954052039,1.0694948585,0.3713411663,0.1222071246,1.8081869861,0.2243956771,0.489320886,1.8954052039,1.0694948585,0.3713411663,0.1222071246,1.8081869861,0.2243956771,0.489320886,1.8954052039,1.0694948585,0.3713411663,0.1222071246,1.8081869861,0.2243956771,0.489320886,1.8954052039,1.0694948585,0.3713411663,0.1222071246,1.8081869861,0.2243956771,0.489320886,1.8954052039,1.0694948585,0.3713411663,0.1222071246,1.8081869861
1.8229723515,0.2249319179,0.4896281622,1.8981583146,1.0629701463,0.3770008038,0.1256802947,1.8229723515,0.2249319179,0.4896281622,1.8981583146,1.0629701463,0.3770008038,0.1256802947,1.8229723515,0.2249319179,0.4896281622,1.8981583146,1.0629701463,0.3770008038,0.1256802947,1.8229723515,0.2249319179,0.4896281622,1.8981583146,1.0629701463,0.3770008038,0.1256802947,1.8229723515,0.2249319179,0.4896281622,1.8981583146,1.0629701463,0.3770008038,0.1256802947,1.8229723515,0.2249319179,0.4896281622,1.8981583146,1.0629701463,0.3770008038,0.1256802947,1.8229723515,0.2249319179,0.4896281622,1.8981583146,1.0629701463,0.3770008038,0.1256802947,1.8229723515,0.2249319179,0.4896281622,1.8981583146,1.0629701463,0.3770008038,0.1256802947,1.8229723515,0.2249319179,0.4896281622,1.8981583146,1.0629701463,0.3770008038,0.1256802947,1.8229723515
1.8378794119,0.2255091044,0.4899907618,1.9009073108,1.0564146065,0.3826194365,0.1291230719,1.8378794119,0.2255091044,0.4899907618,1.9009073108,1.0564146065,0.3826194365,0.1291230719,1.8378794119,0.2255091044,0.4899907618,1.9009073108,1.0564146065,0.3826194365,0.1291230719,1.8378794119,0.2255091044,0.4899907618,1.9009073108,1.0564146065,0.3826194365,0.1291230719,1.8378794119,0.2255091044,0.4899907618,1.9009073108,1.0564146065,0.3826194365,0.1291230719,1.8378794119,0.2255091044,0.4899907618,1.9009073108,1.0564146065,0.3826194365,0.1291230719,1.8378794119,0.2255091044,0.4899907618,1.9009073108,1.0564146065,0.3826194365,0.1291230719,1.8378794119,0.2255091044,0.4899907618,1.9009073108,1.0564146065,0.3826194365,0.1291230719,1.8378794119,0.2255091044,0.4899907618,1.9009073108,1.0564146065,0.3826194365,0.1291230719,1.8378794119
1.8528889155,0.2261187613,0.4903994718,1.9036570329,1.0498331596,0.3882050886,0.1325416793,1.8528889155,0.2261187613,0.4903994718,1.9036570329,1.0498331596,0.3882050886,0.1325416793,1.8528889155,0.2261187613,0.4903994718,1.9036570329,1.0498331596,0.3882050886,0.1325416793,1.8528889155,0.2261187613,0.4903994718,1.9036570329,1.0498331596,0.3882050886,0.1325416793,1.8528889155,0.2261187613,0.4903994718,1.9036570329,1.0498331596,0.3882050886,0.1325416793,1.8528889155,0.2261187613,0.4903994718,1.9036570329,1.0498331596,0.3882050886,0.1325416793,1.8528889155,0.2261187613,0.4903994718,1.9036570329,1.0498331596,0.3882050886,0.1325416793,1.8528889155,0.2261187613,0.4903994718,1.9036570329,1.0498331596,0.3882050886,0.1325416793,1.8528889155,0.2261187613,0.4903994718,1.9036570329,1.0498331596,0.3882050886,0.1325416793,1.8528889155
1.8679843087,0.2267541538,0.4908464981,1.9064104837,1.0432300243,0.3937642341,0.135941076,1.8679843087,0.2267541538,0.4908464981,1.9064104837,1.0432300243,0.3937642341,0.135941076,1.8679843087,0.2267541538,0.4908464981,1.9064104837,1.0432300243,0.3937642341,0.135941076,1.8679843087,0.2267541538,0.4908464981,1.9064104837,1.0432300243,0.3937642341,0.135941076,1.8679843087,0.2267541538,0.4908464981,1.9064104837,1.0432300243,0.3937642341,0.135941076,1.8679843087,0.2267541538,0.4908464981,1.9064104837,1.0432300243,0.3937642341,0.135941076,1.8679843087,0.2267541538,0.4908464981,1.9064104837,1.0432300243,0.3937642341,0.135941076,1.8679843087,0.2267541538,0.4908464981,1.9064104837,1.0432300243,0.3937642341,0.135941076,1.8679843087,0.2267541538,0.4908464981,1.9064104837,1.0432300243,0.3937642341,0.135941076,1.8679843087
1.8831514656,0.2274099368,0.4913252822,1.9091693831,1.0366087917,0.3993020883,0.1393252094,1.8831514656,0.2274099368,0.4913252822,1.9091693831,1.0366087917,0.3993020883,0.1393252094,1.8831514656,0.2274099368,0.4913252822,1.9091693831,1.0366087917,0.3993020883,0.1393252094,1.8831514656,0.2274099368,0.4913252822,1.9091693831,1.0366087917,0.3993020883,0.1393252094,1.8831514656,0.2274099368,0.4913252822,1.9091693831,1.0366087917,0.3993020883,0.1393252094,1.8831514656,0.2274099368,0.4913252822,1.9091693831,1.0366087917,0.3993020883,0.1393252094,1.8831514656,0.2274099368,0.4913252822,1.9091693831,1.0366087917,0.3993020883,0.1393252094,1.8831514656,0.2274099368,0.4913252822,1.9091693831,1.0366087917,0.3993020883,0.1393252094,1.8831514656,0.2274099368,0.4913252822,1.9091693831,1.0366087917,0.3993020883,0.1393252094,1.8831514656
1.8983784073,0.2280818719,0.4918303306,1.9119345718,1.029972501,0.4048228475,0.1426972183,1.8983784073,0.2280818719,0.4918303306,1.9119345718,1.029972501,0.4048228475,0.1426972183,1.8983784073,0.2280818719,0.4918303306,1.9119345718,1.029972501,0.4048228475,0.1426972183,1.8983784073,0.2280818719,0.4918303306,1.9119345718,1.029972501,0.4048228475,0.1426972183,1.8983784073,0.2280818719,0.4918303306,1.9119345718,1.029972501,0.4048228475,0.1426972183,1.8983784073,0.2280818719,0.4918303306,1.9119345718,1.029972501,0.4048228475,0.1426972183,1.8983784073,0.2280818719,0.4918303306,1.9119345718,1.029972501,0.4048228475,0.1426972183,1.8983784073,0.2280818719,0.4918303306,1.9119345718,1.029972501,0.4048228475,0.1426972183,1.8983784073,0.2280818719,0.4918303306,1.9119345718,1.029972501,0.4048228475,0.1426972183,1.8983784073
1.9136550278,0.2287666005,0.4923570585,1.9147063041,1.0233237113,0.4103298847,0.1460595972,1.9136550278,0.2287666005,0.4923570585,1.9147063041,1.0233237113,0.4103298847,0.1460595972,1.9136550278,0.2287666005,0.4923570585,1.9147063041,1.0233237113,0.4103298847,0.1460595972,1.9136550278,0.2287666005,0.4923570585,1.9147063041,1.0233237113,0.4103298847,0.1460595972,1.9136550278,0.2287666005,0.4923570585,1.9147063041,1.0233237113,0.4103298847,0.1460595972,1.9136550278,0.2287666005,0.4923570585,1.9147063041,1.0233237113,0.4103298847,0.1460595972,1.9136550278,0.2287666005,0.4923570585,1.9147063041,1.0233237113,0.4103298847,0.1460595972,1.9136550278,0.2287666005,0.4923570585,1.9147063041,1.0233237113,0.4103298847,0.1460595972,1.9136550278,0.2287666005,0.4923570585,1.9147063041,1.0233237113,0.4103298847,0.1460595972,1.9136550278
1.9289728382,0.2294614625,0.492901652,1.9174844563,1.0166645686,0.4158259095,0.1494143273,1.9289728382,0.2294614625,0.492901652,1.9174844563,1.0166645686,0.4158259095,0.1494143273,1.9289728382,0.2294614625,0.492901652,1.9174844563,1.0166645686,0.4158259095,0.1494143273,1.9289728382,0.2294614625,0.492901652,1.9174844563,1.0166645686,0.4158259095,0.1494143273,1.9289728382,0.2294614625,0.492901652,1.9174844563,1.0166645686,0.4158259095,0.1494143273,1.9289728382,0.2294614625,0.492901652,1.9174844563,1.0166645686,0.4158259095,0.1494143273,1.9289728382,0.2294614625,0.492901652,1.9174844563,1.0166645686,0.4158259095,0.1494143273,1.9289728382,0.2294614625,0.492901652,1.9174844563,1.0166645686,0.4158259095,0.1494143273,1.9289728382,0.2294614625,0.492901652,1.9174844563,1.0166645686,0.4158259095,0.1494143273,1.9289728382
1.944324734,0.230164351,0.4934609469,1.9202686734,1.0099968665,0.4213130975,0.1527629821,1.944324734,0.230164351,0.4934609469,1.9202686734,1.0099968665,0.4213130975,0.1527629821,1.944324734,0.230164351,0.4934609469,1.9202686734,1.0099968665,0.4213130975,0.1527629821,1.944324734,0.230164351,0.4934609469,1.9202686734,1.0099968665,0.4213130975,0.1527629821,1.944324734,0.230164351,0.4934609469,1.9202686734,1.0099968665,0.4213130975,0.1527629821,1.944324734,0.230164351,0.4934609469,1.9202686734,1.0099968665,0.4213130975,0.1527629821,1.944324734,0.230164351,0.4934609469,1.9202686734,1.0099968665,0.4213130975,0.1527629821,1.944324734,0.230164351,0.4934609469,1.9202686734,1.0099968665,0.4213130975,0.1527629821,1.944324734,0.230164351,0.4934609469,1.9202686734,1.0099968665,0.4213130975,0.1527629821,1.944324734
1.9597047881,0.2308735984,0.494032324,1.9230584715,1.0033220993,0.4267931946,0.1561068106,1.9597047881,0.2308735984,0.494032324,1.9230584715,1.0033220993,0.4267931946,0.1561068106,1.9597047881,0.2308735984,0.494032324,1.9230584715,1.0033220993,0.4267931946,0.1561068106,1.9597047881,0.2308735984,0.494032324,1.9230584715,1.0033220993,0.4267931946,0.1561068106,1.9597047881,0.2308735984,0.494032324,1.9230584715,1.0033220993,0.4267931946,0.1561068106,1.9597047881,0.2308735984,0.494032324,1.9230584715,1.0033220993,0.4267931946,0.1561068106,1.9597047881,0.2308735984,0.494032324,1.9230584715,1.0033220993,0.4267931946,0.1561068106,1.9597047881,0.2308735984,0.494032324,1.9230584715,1.0033220993,0.4267931946,0.1561068106,1.9597047881,0.2308735984,0.494032324,1.9230584715,1.0033220993,0.4267931946,0.1561068106,1.9597047881
